,time,location_name,weathercode,temperature_2m_max,temperature_2m_min,temperature_2m_mean,apparent_temperature_max,apparent_temperature_min,apparent_temperature_mean,precipitation_sum,rain_sum,snowfall_sum,windspeed_10m_max,windgusts_10m_max
164409,1973-03-17,Toronto,75.0,4.4,0.2,2.8,0.9,-4.9,-2.3,38.6,32.4,4.34,29.6,56.2
164426,1973-04-03,Toronto,73.0,4.8,0.6,2.5,3.0,-2.6,-0.2,10.0,8.2,1.26,11.6,18.7
164571,1973-08-26,Toronto,51.0,28.0,19.5,23.2,32.2,20.9,25.3,1.5,1.5,0.0,10.0,22.3
164572,1973-08-27,Toronto,65.0,29.2,21.3,24.7,34.5,24.2,28.4,22.8,22.8,0.0,21.4,33.1
164573,1973-08-28,Toronto,1.0,31.4,24.2,27.4,34.9,25.4,30.3,0.0,0.0,0.0,24.0,46.1
164574,1973-08-29,Toronto,0.0,31.2,21.1,26.1,33.2,22.8,28.6,0.0,0.0,0.0,16.9,33.8
164578,1973-09-02,Toronto,51.0,29.6,22.6,26.0,34.7,26.0,30.1,0.4,0.4,0.0,9.5,23.4
164579,1973-09-03,Toronto,51.0,30.4,22.2,26.3,34.2,25.4,30.3,0.1,0.1,0.0,10.2,23.0
164684,1973-12-17,Toronto,3.0,-9.8,-15.6,-13.0,-17.1,-23.0,-20.2,0.0,0.0,0.0,29.9,61.2
164687,1973-12-20,Toronto,75.0,0.3,-5.0,-2.4,-3.5,-11.0,-7.5,27.1,0.1,18.9,24.7,39.2
164718,1974-01-20,Toronto,61.0,-0.4,-10.2,-5.0,-6.5,-14.8,-11.0,9.7,9.7,0.0,29.6,50.8
164793,1974-04-05,Toronto,71.0,12.4,2.4,5.4,7.5,-2.4,1.1,0.8,0.7,0.07,23.0,45.0
164882,1974-07-03,Toronto,65.0,29.0,19.9,23.8,32.5,21.0,25.7,43.2,43.2,0.0,26.6,45.0
165014,1974-11-12,Toronto,61.0,11.9,7.1,9.5,9.8,4.6,7.4,16.1,16.1,0.0,13.4,24.8
165053,1974-12-21,Toronto,71.0,1.7,-2.6,-0.3,-1.6,-6.3,-3.7,1.5,0.4,0.77,8.4,11.5
165118,1975-02-24,Toronto,63.0,4.3,2.2,2.7,1.3,-3.0,-2.0,20.3,20.3,0.0,25.6,52.2
165146,1975-03-24,Toronto,55.0,2.7,-1.3,0.3,-1.0,-8.6,-5.3,5.7,5.7,0.0,33.2,61.2
165156,1975-04-03,Toronto,75.0,-0.6,-3.8,-2.1,-6.1,-13.0,-9.4,39.6,5.1,24.15,45.5,82.1
165157,1975-04-04,Toronto,73.0,-4.1,-8.8,-6.6,-13.0,-17.6,-15.1,4.1,0.0,2.87,40.3,75.6
165275,1975-07-31,Toronto,1.0,32.1,21.9,26.8,37.6,22.8,29.2,0.0,0.0,0.0,11.7,23.8
165276,1975-08-01,Toronto,51.0,31.6,23.6,28.0,36.4,27.5,32.3,0.3,0.3,0.0,8.6,22.0
165277,1975-08-02,Toronto,51.0,30.3,23.4,27.1,34.7,27.3,31.2,0.1,0.1,0.0,7.9,25.6
165322,1975-09-16,Toronto,53.0,17.6,11.1,14.4,16.7,10.1,13.5,0.9,0.9,0.0,9.1,18.4
165425,1975-12-28,Toronto,3.0,-2.7,-9.3,-6.2,-6.6,-13.4,-10.4,0.0,0.0,0.0,12.2,14.0
165451,1976-01-23,Toronto,73.0,-14.6,-25.2,-21.3,-20.5,-30.4,-27.1,2.3,0.0,1.61,23.4,36.4
165475,1976-02-16,Toronto,71.0,8.3,-0.2,3.2,2.9,-4.5,-1.2,0.1,0.0,0.07,32.3,61.6
165480,1976-02-21,Toronto,75.0,0.9,-3.3,-1.1,-2.3,-6.9,-4.9,18.9,3.6,10.71,17.4,29.5
165491,1976-03-03,Toronto,61.0,-0.3,-7.2,-4.2,-3.9,-13.8,-9.2,9.4,9.4,0.0,23.2,41.8
165507,1976-03-19,Toronto,71.0,11.1,-0.5,4.1,6.9,-4.6,-0.0,0.9,0.2,0.49,22.3,39.6
165516,1976-03-28,Toronto,71.0,8.5,-0.6,3.0,3.3,-6.5,-2.3,0.8,0.7,0.07,31.5,64.8
165530,1976-04-11,Toronto,71.0,10.7,-4.5,0.7,4.9,-12.7,-6.1,0.7,0.6,0.07,32.6,65.5
165777,1976-12-14,Toronto,2.0,2.4,-16.8,-6.1,-5.7,-21.8,-12.9,0.0,0.0,0.0,38.8,73.1
165779,1976-12-16,Toronto,3.0,2.0,-3.2,-1.0,-1.0,-6.9,-4.1,0.0,0.0,0.0,8.0,14.0
165804,1977-01-10,Toronto,75.0,-7.5,-15.8,-11.8,-11.7,-23.5,-19.2,17.0,0.0,11.9,40.0,69.8
165823,1977-01-29,Toronto,71.0,-14.1,-18.1,-16.2,-21.4,-25.4,-23.7,0.4,0.0,0.28,30.1,54.0
165878,1977-03-25,Toronto,0.0,0.5,-11.9,-7.1,-4.5,-19.2,-13.3,0.0,0.0,0.0,25.3,44.6
165879,1977-03-26,Toronto,0.0,2.9,-8.5,-3.9,1.4,-14.3,-8.6,0.0,0.0,0.0,18.2,33.1
165995,1977-07-20,Toronto,51.0,33.2,21.8,27.0,37.3,24.7,30.7,0.1,0.1,0.0,18.4,34.6
166062,1977-09-25,Toronto,65.0,20.5,14.3,16.3,20.8,11.1,15.1,29.7,29.7,0.0,35.1,77.8
166063,1977-09-26,Toronto,63.0,19.6,16.1,17.5,19.6,14.4,16.7,18.8,18.8,0.0,28.1,78.5
166130,1977-12-02,Toronto,3.0,4.3,1.3,2.9,-2.5,-6.2,-4.1,0.0,0.0,0.0,37.7,73.1
166169,1978-01-10,Toronto,71.0,-10.5,-17.0,-13.9,-19.0,-24.5,-21.9,1.8,0.0,1.26,37.2,69.1
166185,1978-01-26,Toronto,73.0,2.6,-10.6,-2.3,-2.4,-20.7,-9.8,18.7,13.8,3.43,49.0,90.7
166186,1978-01-27,Toronto,73.0,-5.9,-9.8,-7.6,-12.8,-19.1,-15.1,3.6,0.0,2.52,39.6,79.9
166192,1978-02-02,Toronto,71.0,-6.5,-11.2,-9.5,-10.4,-15.7,-13.7,1.3,0.0,0.91,7.4,14.8
166528,1979-01-04,Toronto,3.0,-8.7,-11.7,-10.7,-16.8,-19.4,-18.3,0.0,0.0,0.0,32.5,66.6
166565,1979-02-10,Toronto,71.0,-14.4,-21.7,-18.1,-20.6,-26.7,-23.3,0.0,0.0,0.28,16.2,30.6
166566,1979-02-11,Toronto,3.0,-17.7,-25.3,-21.3,-22.4,-30.6,-26.7,0.0,0.0,0.0,18.3,31.0
166567,1979-02-12,Toronto,3.0,-12.2,-19.5,-16.6,-17.1,-24.7,-21.5,0.0,0.0,0.0,9.7,17.3
166568,1979-02-13,Toronto,71.0,-13.8,-20.3,-17.6,-19.0,-26.2,-23.3,0.0,0.0,0.14,17.4,29.5
166569,1979-02-14,Toronto,71.0,-16.5,-22.5,-19.6,-21.8,-27.7,-25.0,1.3,0.0,1.12,14.1,25.6
166570,1979-02-15,Toronto,71.0,-14.8,-17.6,-16.3,-21.3,-24.1,-22.4,0.0,0.0,0.07,20.0,37.1
166572,1979-02-17,Toronto,0.0,-17.1,-25.4,-21.1,-22.6,-31.6,-27.3,0.0,0.0,0.0,23.3,40.3
166573,1979-02-18,Toronto,3.0,-17.2,-25.7,-21.8,-23.4,-31.2,-27.6,0.0,0.0,0.0,18.2,34.9
166584,1979-03-01,Toronto,51.0,0.9,-1.8,-0.6,-3.2,-6.6,-4.9,0.6,0.6,0.0,20.2,36.0
166620,1979-04-06,Toronto,73.0,3.1,-5.1,-1.4,-2.2,-15.0,-9.9,5.5,3.0,2.03,55.9,100.4
166863,1979-12-05,Toronto,71.0,9.4,0.0,3.8,2.6,-4.6,-1.8,0.4,0.1,0.21,36.9,69.5
166916,1980-01-27,Toronto,71.0,-3.7,-9.3,-7.0,-8.3,-14.3,-11.8,0.0,0.0,0.14,12.4,20.5
166943,1980-02-23,Toronto,51.0,0.6,-4.8,-1.7,-3.0,-9.2,-5.9,0.1,0.1,0.0,18.1,37.1
166950,1980-03-01,Toronto,2.0,-13.0,-21.9,-18.6,-18.5,-27.6,-24.4,0.0,0.0,0.0,21.2,38.9
166970,1980-03-21,Toronto,75.0,6.6,0.8,3.4,3.6,-7.3,-0.9,38.5,37.1,0.98,39.7,79.6
166971,1980-03-22,Toronto,75.0,0.2,-3.6,-1.7,-6.7,-11.8,-9.7,7.9,0.1,5.88,46.4,88.6
167092,1980-07-21,Toronto,65.0,27.6,21.8,24.6,30.7,23.9,27.2,25.6,25.6,0.0,24.5,42.1
167134,1980-09-01,Toronto,65.0,26.6,21.3,23.3,28.8,22.4,25.4,31.6,31.6,0.0,21.0,60.8
167227,1980-12-03,Toronto,75.0,5.0,-9.9,-6.0,1.4,-18.4,-14.0,7.5,1.2,4.41,48.2,96.5
167243,1980-12-19,Toronto,71.0,-2.1,-11.7,-7.8,-8.0,-18.0,-14.0,0.0,0.0,0.14,25.9,45.0
167251,1980-12-27,Toronto,71.0,-4.3,-11.8,-8.6,-8.5,-16.9,-13.4,0.0,0.0,0.21,11.3,19.4
167258,1981-01-03,Toronto,3.0,-16.3,-21.5,-19.1,-21.5,-27.0,-24.4,0.0,0.0,0.0,13.2,28.8
167259,1981-01-04,Toronto,3.0,-18.9,-27.7,-23.6,-26.0,-34.2,-30.1,0.0,0.0,0.0,22.5,43.6
167266,1981-01-11,Toronto,2.0,-18.2,-23.3,-21.1,-23.9,-29.5,-27.1,0.0,0.0,0.0,17.8,38.9
167268,1981-01-13,Toronto,71.0,-8.6,-16.4,-12.9,-13.8,-21.5,-18.0,0.0,0.0,0.21,12.7,25.2
167276,1981-01-21,Toronto,3.0,-7.4,-16.3,-11.2,-11.6,-20.8,-15.8,0.0,0.0,0.0,12.3,17.6
167321,1981-03-07,Toronto,71.0,4.3,-5.1,-1.8,-0.6,-11.5,-7.4,0.0,0.0,0.42,21.2,41.0
167329,1981-03-15,Toronto,3.0,7.5,-2.6,1.5,1.3,-8.7,-4.6,0.0,0.0,0.0,28.4,73.1
167351,1981-04-06,Toronto,71.0,6.9,-1.2,2.0,1.1,-8.2,-4.1,0.0,0.0,0.07,29.6,54.4
167445,1981-07-09,Toronto,51.0,29.5,23.3,26.4,32.4,25.0,28.3,0.5,0.5,0.0,22.3,51.5
167494,1981-08-27,Toronto,51.0,22.5,17.2,20.0,23.9,18.4,21.0,0.1,0.1,0.0,8.1,14.8
167549,1981-10-21,Toronto,71.0,12.9,3.5,7.2,9.2,-0.5,3.7,5.9,5.8,0.07,21.9,45.7
167565,1981-11-06,Toronto,71.0,13.0,2.9,8.8,11.3,-3.7,5.0,2.4,2.3,0.07,30.9,60.1
167625,1982-01-05,Toronto,71.0,-0.1,-5.8,-3.1,-6.7,-14.4,-10.6,0.4,0.0,0.42,40.6,79.2
167630,1982-01-10,Toronto,71.0,-15.6,-22.2,-18.9,-21.8,-29.2,-26.2,0.1,0.0,0.14,37.9,70.9
167631,1982-01-11,Toronto,73.0,-13.1,-20.9,-16.9,-20.8,-29.9,-25.2,1.1,0.0,1.12,39.5,78.5
167637,1982-01-17,Toronto,71.0,-16.6,-26.6,-23.2,-24.4,-34.1,-30.6,0.0,0.0,0.14,26.6,58.7
167664,1982-02-13,Toronto,71.0,-5.5,-13.3,-9.8,-10.4,-17.6,-14.3,0.0,0.0,0.14,10.8,20.5
167714,1982-04-04,Toronto,71.0,2.3,-8.2,-4.7,-5.1,-17.4,-13.3,0.1,0.0,0.56,38.9,76.3
167808,1982-07-07,Toronto,51.0,27.9,21.0,23.9,29.6,21.8,24.9,0.2,0.2,0.0,28.3,64.4
167813,1982-07-12,Toronto,2.0,24.4,18.3,21.5,23.3,16.5,19.5,0.0,0.0,0.0,31.0,61.9
167823,1982-07-22,Toronto,2.0,26.2,17.3,21.7,28.7,18.4,23.4,0.0,0.0,0.0,7.3,17.6
167866,1982-09-03,Toronto,2.0,20.3,14.5,17.0,20.0,11.9,14.1,0.0,0.0,0.0,31.1,67.3
167928,1982-11-04,Toronto,55.0,11.4,7.5,9.7,10.3,4.4,8.0,14.1,14.1,0.0,13.0,22.0
167936,1982-11-12,Toronto,61.0,15.4,10.9,12.6,10.0,6.5,8.1,9.6,9.6,0.0,38.1,100.1
167983,1982-12-29,Toronto,3.0,8.0,-0.7,2.1,0.3,-7.1,-4.5,0.0,0.0,0.0,41.0,75.6
168081,1983-04-06,Toronto,71.0,5.6,0.7,3.4,2.1,-2.6,-0.3,0.9,0.6,0.21,14.8,32.8
168162,1983-06-26,Toronto,1.0,30.7,15.2,22.5,31.5,13.8,22.0,0.0,0.0,0.0,20.6,52.2
168178,1983-07-12,Toronto,51.0,30.4,20.7,25.1,33.3,21.9,25.9,0.1,0.1,0.0,22.2,44.6
168180,1983-07-14,Toronto,1.0,30.6,17.2,23.9,32.0,17.2,24.1,0.0,0.0,0.0,13.1,30.2
168181,1983-07-15,Toronto,1.0,32.7,24.3,28.3,34.1,25.4,29.2,0.0,0.0,0.0,21.7,49.3
168182,1983-07-16,Toronto,0.0,32.7,24.7,28.3,33.0,25.6,29.2,0.0,0.0,0.0,23.0,46.8
168320,1983-12-01,Toronto,71.0,1.5,-2.0,-0.7,-4.7,-8.6,-6.9,0.0,0.0,0.07,25.8,48.6
168345,1983-12-26,Toronto,71.0,-11.7,-17.7,-14.6,-17.9,-24.9,-22.0,0.0,0.0,0.07,29.8,57.2
168371,1984-01-21,Toronto,3.0,-17.6,-27.1,-21.9,-23.9,-32.6,-27.6,0.0,0.0,0.0,17.9,35.6
168382,1984-02-01,Toronto,1.0,-11.6,-23.9,-17.4,-16.3,-28.9,-22.5,0.0,0.0,0.0,13.2,23.4
168410,1984-02-29,Toronto,73.0,-6.0,-13.0,-10.3,-13.5,-21.3,-18.0,6.2,0.0,4.55,32.9,64.4
168425,1984-03-15,Toronto,51.0,0.1,-9.5,-4.2,-3.9,-13.9,-8.4,0.2,0.2,0.0,17.4,34.9
168435,1984-03-25,Toronto,0.0,2.7,-7.8,-2.3,0.1,-12.5,-6.2,0.0,0.0,0.0,11.2,27.4
168436,1984-03-26,Toronto,0.0,2.2,-4.9,-1.4,-0.5,-9.9,-5.8,0.0,0.0,0.0,17.0,31.7
168634,1984-10-10,Toronto,51.0,16.2,13.7,14.6,16.6,13.5,14.7,0.2,0.2,0.0,8.7,17.3
168635,1984-10-11,Toronto,3.0,16.4,9.7,13.4,16.3,8.1,12.7,0.0,0.0,0.0,9.5,15.8
168667,1984-11-12,Toronto,71.0,3.8,-0.2,0.8,-0.7,-6.1,-5.0,0.0,0.0,0.35,25.6,47.9
168695,1984-12-10,Toronto,61.0,5.4,2.4,3.5,3.3,-0.9,0.7,2.3,2.3,0.0,9.7,15.8
168779,1985-03-04,Toronto,75.0,-3.4,-11.9,-8.5,-10.6,-20.7,-16.4,32.8,4.1,20.16,36.8,65.9
168796,1985-03-21,Toronto,0.0,0.2,-6.4,-3.5,-2.4,-12.1,-8.4,0.0,0.0,0.0,19.0,41.8
168797,1985-03-22,Toronto,0.0,2.9,-5.8,-2.2,-0.9,-9.9,-6.5,0.0,0.0,0.0,14.3,33.1
168807,1985-04-01,Toronto,71.0,4.8,0.7,2.9,1.9,-6.5,-3.0,7.9,7.7,0.14,36.5,83.9
168812,1985-04-06,Toronto,51.0,10.2,3.0,5.9,6.8,-5.2,-0.5,2.2,2.2,0.0,48.8,114.5
168813,1985-04-07,Toronto,71.0,5.9,-1.7,2.0,1.2,-7.3,-3.9,0.1,0.1,0.07,35.4,69.1
168868,1985-06-01,Toronto,3.0,22.2,12.9,16.9,21.8,7.8,12.8,0.0,0.0,0.0,33.1,63.7
168922,1985-07-25,Toronto,1.0,28.6,21.8,24.8,28.5,22.0,24.6,0.0,0.0,0.0,27.3,56.2
169101,1986-01-20,Toronto,53.0,3.7,-1.5,1.4,-0.6,-8.7,-4.5,5.4,5.4,0.0,31.4,60.8
169109,1986-01-28,Toronto,73.0,-14.7,-19.1,-17.7,-22.1,-26.4,-24.6,2.5,0.0,2.03,24.2,47.9
169113,1986-02-01,Toronto,75.0,-4.4,-12.1,-8.9,-10.7,-16.8,-14.6,12.0,0.0,8.4,27.0,60.5
169119,1986-02-07,Toronto,73.0,-8.4,-12.8,-11.2,-16.1,-20.6,-19.0,7.5,0.0,5.25,35.2,64.4
169130,1986-02-18,Toronto,51.0,1.4,-1.3,-0.2,-1.2,-5.0,-3.6,0.1,0.1,0.0,10.5,18.0
169131,1986-02-19,Toronto,51.0,2.7,0.2,1.0,-0.2,-2.5,-1.6,0.1,0.1,0.0,8.2,14.4
169153,1986-03-13,Toronto,63.0,1.2,-1.8,-0.4,-2.7,-8.1,-5.9,17.0,17.0,0.0,26.3,50.4
169336,1986-09-12,Toronto,63.0,20.6,16.6,18.9,20.3,13.2,17.4,18.3,18.3,0.0,30.3,83.5
169421,1986-12-06,Toronto,71.0,2.2,-0.7,0.4,-2.3,-6.9,-5.2,0.0,0.0,0.14,26.5,47.9
169427,1986-12-12,Toronto,71.0,-0.4,-3.2,-1.5,-6.6,-8.9,-7.4,0.0,0.0,0.07,22.3,45.0
169442,1986-12-27,Toronto,71.0,0.8,-1.6,-0.3,-2.5,-5.1,-3.9,0.0,0.0,0.14,9.0,19.1
169496,1987-02-19,Toronto,0.0,-0.7,-10.5,-6.7,-5.9,-15.6,-12.0,0.0,0.0,0.0,19.5,36.4
169501,1987-02-24,Toronto,0.0,0.9,-7.0,-3.3,-5.0,-12.8,-9.0,0.0,0.0,0.0,18.6,37.8
169616,1987-06-19,Toronto,55.0,28.7,16.6,21.7,32.2,16.2,22.6,1.2,1.2,0.0,11.2,25.2
169636,1987-07-09,Toronto,55.0,28.1,21.1,24.8,33.9,23.8,28.5,1.2,1.2,0.0,12.6,24.1
169674,1987-08-16,Toronto,51.0,30.7,23.2,26.4,33.0,25.0,28.0,0.6,0.6,0.0,22.9,49.3
169762,1987-11-12,Toronto,71.0,7.5,-0.9,2.5,4.1,-4.6,-1.6,0.0,0.0,0.14,19.0,38.2
169781,1987-12-01,Toronto,71.0,5.0,0.4,2.4,1.2,-4.2,-1.9,0.0,0.0,0.14,17.4,32.8
169816,1988-01-05,Toronto,3.0,-8.1,-12.9,-10.7,-15.6,-20.8,-18.9,0.0,0.0,0.0,35.8,68.0
169826,1988-01-15,Toronto,71.0,-2.5,-11.3,-7.7,-8.8,-16.7,-13.7,0.0,0.0,0.07,25.2,46.8
169848,1988-02-06,Toronto,71.0,-11.5,-16.8,-14.8,-18.5,-23.5,-21.5,0.0,0.0,0.07,24.1,50.0
169864,1988-02-22,Toronto,71.0,5.8,-11.6,-3.4,-1.2,-18.3,-10.9,0.0,0.0,0.07,38.5,72.0
169866,1988-02-24,Toronto,71.0,-2.2,-8.8,-5.7,-8.7,-13.9,-11.6,0.0,0.0,0.21,24.7,47.5
169927,1988-04-25,Toronto,0.0,11.0,1.0,5.5,8.3,-3.5,1.3,0.0,0.0,0.0,19.2,43.2
169985,1988-06-22,Toronto,63.0,28.3,17.9,23.1,28.7,17.4,23.3,22.0,22.0,0.0,27.6,74.2
170001,1988-07-08,Toronto,1.0,33.0,22.4,27.8,35.6,23.6,29.7,0.0,0.0,0.0,12.5,24.5
170010,1988-07-17,Toronto,65.0,28.5,21.8,24.1,31.3,23.6,27.0,38.9,38.9,0.0,21.2,37.1
170027,1988-08-03,Toronto,51.0,32.4,23.3,27.5,35.7,27.7,31.9,0.5,0.5,0.0,18.3,39.6
170028,1988-08-04,Toronto,63.0,31.6,25.3,27.8,35.6,29.3,31.8,5.9,5.9,0.0,17.6,41.0
170038,1988-08-14,Toronto,63.0,30.3,25.5,27.9,32.1,29.4,30.6,4.7,4.7,0.0,27.4,72.0
170039,1988-08-15,Toronto,3.0,28.6,23.2,25.1,30.0,20.9,24.7,0.0,0.0,0.0,32.2,56.9
170041,1988-08-17,Toronto,63.0,32.3,22.3,26.3,35.2,24.7,28.8,2.8,2.8,0.0,23.7,64.1
170103,1988-10-18,Toronto,63.0,15.3,9.2,12.9,12.7,5.1,9.1,18.6,18.6,0.0,38.8,94.7
170126,1988-11-10,Toronto,63.0,12.5,5.9,7.9,7.1,1.2,3.0,14.1,14.1,0.0,40.0,91.8
170185,1989-01-08,Toronto,55.0,8.0,-3.4,2.8,2.9,-11.7,-3.8,3.7,3.7,0.0,38.7,96.1
170216,1989-02-08,Toronto,71.0,-3.1,-9.7,-7.3,-11.8,-16.4,-14.5,0.0,0.0,0.14,37.7,74.9
170217,1989-02-09,Toronto,3.0,-8.8,-17.5,-13.2,-16.3,-24.9,-20.8,0.0,0.0,0.0,33.6,65.9
170392,1989-08-03,Toronto,1.0,31.1,21.0,25.6,32.8,22.9,27.4,0.0,0.0,0.0,23.4,46.8
170393,1989-08-04,Toronto,63.0,28.1,23.2,25.4,30.5,25.6,27.3,23.3,23.3,0.0,21.2,47.5
170500,1989-11-19,Toronto,71.0,1.7,-4.4,-2.4,-4.2,-10.3,-8.4,0.0,0.0,0.14,25.8,48.2
170532,1989-12-21,Toronto,71.0,-12.9,-15.1,-14.1,-18.9,-21.5,-20.4,0.0,0.0,0.07,20.5,36.4
170534,1989-12-23,Toronto,2.0,-10.9,-19.7,-16.7,-15.4,-25.2,-21.8,0.0,0.0,0.0,13.2,25.2
170540,1989-12-29,Toronto,73.0,-5.9,-9.8,-8.3,-9.8,-16.1,-13.7,7.4,0.0,5.18,20.6,38.2
170586,1990-02-13,Toronto,71.0,10.1,-1.4,3.7,5.7,-6.5,-1.6,0.9,0.8,0.14,26.3,45.7
170589,1990-02-16,Toronto,61.0,1.5,-4.2,-2.7,-3.1,-10.1,-7.3,11.2,11.2,0.0,21.1,58.0
170595,1990-02-22,Toronto,63.0,2.4,-0.3,1.3,-0.3,-5.2,-2.9,20.8,20.8,0.0,16.8,29.2
170610,1990-03-09,Toronto,53.0,0.4,-5.2,-3.1,-2.9,-9.6,-7.1,2.4,2.4,0.0,10.0,20.9
170644,1990-04-12,Toronto,71.0,2.4,-3.6,-0.7,-3.9,-9.3,-6.7,0.0,0.0,0.14,21.8,43.6
170767,1990-08-13,Toronto,63.0,21.3,18.4,19.6,24.2,19.1,21.1,41.8,41.8,0.0,15.3,31.0
170782,1990-08-28,Toronto,65.0,28.6,19.8,22.7,32.2,20.8,24.5,29.6,29.6,0.0,24.4,39.6
170819,1990-10-04,Toronto,63.0,19.4,13.4,17.2,16.2,11.2,14.3,19.8,19.8,0.0,36.1,81.0
170859,1990-11-13,Toronto,71.0,2.3,-2.2,-0.1,-4.3,-8.2,-5.8,0.0,0.0,0.07,25.1,47.5
170864,1990-11-18,Toronto,0.0,2.0,-1.7,-0.0,-2.0,-6.0,-4.3,0.0,0.0,0.0,15.0,28.4
170965,1991-02-27,Toronto,71.0,-1.3,-8.3,-5.4,-7.0,-13.4,-11.0,0.0,0.0,0.28,22.9,44.3
170967,1991-03-01,Toronto,71.0,10.1,-2.5,2.0,6.3,-7.1,-1.8,0.8,0.2,0.42,16.6,33.1
170979,1991-03-13,Toronto,0.0,1.6,-5.3,-2.5,-2.5,-10.7,-7.4,0.0,0.0,0.0,18.3,32.4
170988,1991-03-22,Toronto,61.0,4.9,-0.8,1.3,0.1,-5.7,-3.6,1.5,1.5,0.0,21.8,44.6
171086,1991-06-28,Toronto,2.0,31.0,21.1,26.0,31.2,21.4,25.7,0.0,0.0,0.0,23.9,45.4
171126,1991-08-07,Toronto,51.0,22.9,16.5,20.0,24.3,16.8,20.6,0.3,0.3,0.0,10.2,18.0
171273,1992-01-01,Toronto,3.0,1.2,-5.6,-1.7,-1.8,-9.0,-5.2,0.0,0.0,0.0,8.6,13.7
171287,1992-01-15,Toronto,3.0,-10.9,-16.0,-13.2,-17.9,-21.0,-19.2,0.0,0.0,0.0,37.1,74.5
171325,1992-02-22,Toronto,71.0,4.1,-5.4,-0.9,1.1,-10.1,-4.7,0.0,0.0,0.14,10.8,22.0
171344,1992-03-12,Toronto,73.0,-9.3,-13.5,-11.6,-17.5,-21.6,-19.7,1.9,0.0,2.03,34.4,62.6
171590,1992-11-13,Toronto,63.0,13.6,2.5,5.8,8.2,-5.3,-1.3,15.9,15.9,0.0,45.0,101.9
171620,1992-12-13,Toronto,0.0,0.4,-5.1,-2.6,-3.6,-10.3,-7.5,0.0,0.0,0.0,15.6,25.6
171632,1992-12-25,Toronto,71.0,-0.0,-7.5,-3.5,-8.4,-13.7,-10.8,0.1,0.0,0.28,42.3,78.1
171637,1992-12-30,Toronto,55.0,3.5,1.9,2.7,1.5,-0.5,0.2,5.1,5.1,0.0,8.8,13.0
171658,1993-01-20,Toronto,0.0,1.6,-5.9,-3.5,-2.0,-11.8,-8.6,0.0,0.0,0.0,19.4,32.0
171690,1993-02-21,Toronto,75.0,-6.2,-11.2,-8.9,-10.7,-18.7,-15.4,6.8,0.0,4.9,37.9,73.4
171696,1993-02-27,Toronto,1.0,-7.0,-18.5,-13.3,-10.9,-23.5,-17.9,0.0,0.0,0.0,10.9,15.5
171710,1993-03-13,Toronto,73.0,-7.0,-15.1,-11.2,-14.5,-19.8,-16.8,3.4,0.0,2.52,31.8,58.0
171711,1993-03-14,Toronto,75.0,-9.3,-17.4,-13.7,-17.4,-26.2,-22.1,4.8,0.0,3.43,38.2,76.0
171720,1993-03-23,Toronto,53.0,0.4,-8.7,-3.3,-4.6,-13.3,-8.3,2.5,2.5,0.0,21.6,42.8
171749,1993-04-21,Toronto,71.0,12.5,1.4,5.1,11.7,-4.0,0.7,1.0,0.3,0.49,22.2,41.8
171838,1993-07-19,Toronto,63.0,23.5,17.4,20.4,25.0,18.0,21.4,29.9,29.9,0.0,12.9,24.8
171877,1993-08-27,Toronto,2.0,31.6,23.1,26.4,33.7,25.5,28.8,0.0,0.0,0.0,21.6,53.6
171932,1993-10-21,Toronto,63.0,16.2,9.3,12.8,13.8,2.2,8.4,14.2,14.2,0.0,37.7,90.7
171962,1993-11-20,Toronto,73.0,6.9,-0.8,1.7,2.1,-7.8,-5.2,0.5,0.1,0.28,34.5,81.7
171990,1993-12-18,Toronto,71.0,3.6,-0.9,1.0,0.6,-4.4,-2.3,0.0,0.0,0.21,9.7,19.1
172009,1994-01-06,Toronto,73.0,-11.5,-16.2,-14.3,-19.0,-21.3,-20.4,4.0,0.0,2.87,26.5,51.1
172022,1994-01-19,Toronto,3.0,-18.7,-25.2,-22.8,-26.0,-31.8,-29.6,0.0,0.0,0.0,24.8,43.6
172031,1994-01-28,Toronto,61.0,4.2,-4.7,1.2,-1.0,-10.2,-3.6,19.9,19.9,0.0,28.4,51.8
172034,1994-01-31,Toronto,2.0,-10.7,-23.4,-18.4,-15.6,-28.9,-23.5,0.0,0.0,0.0,10.8,18.4
172043,1994-02-09,Toronto,73.0,-13.5,-18.3,-16.5,-19.3,-24.6,-22.8,5.2,0.0,3.78,21.9,36.7
172045,1994-02-11,Toronto,1.0,-10.8,-19.0,-16.4,-15.5,-25.2,-22.0,0.0,0.0,0.0,15.2,25.6
172057,1994-02-23,Toronto,75.0,-5.8,-11.0,-8.7,-11.5,-19.4,-16.2,11.9,0.0,8.33,39.2,71.6
172110,1994-04-17,Toronto,3.0,8.1,2.8,5.0,-0.3,-2.7,-1.6,0.0,0.0,0.0,38.9,73.4
172328,1994-11-21,Toronto,63.0,11.7,7.5,9.5,6.5,2.7,4.5,11.8,11.8,0.0,41.7,92.5
172403,1995-02-04,Toronto,71.0,-1.6,-4.8,-3.3,-6.4,-10.0,-8.2,0.0,0.0,0.14,19.6,36.4
172405,1995-02-06,Toronto,3.0,-14.6,-20.0,-18.1,-21.6,-26.6,-25.0,0.0,0.0,0.0,26.9,53.3
172427,1995-02-28,Toronto,51.0,0.5,-5.4,-2.8,-3.5,-10.9,-7.5,0.2,0.2,0.0,18.4,35.3
172563,1995-07-14,Toronto,1.0,34.2,22.9,27.8,38.5,26.8,31.8,0.0,0.0,0.0,16.2,37.1
172647,1995-10-06,Toronto,65.0,16.2,11.3,13.0,16.1,7.3,10.1,59.0,59.0,0.0,41.3,94.7
172656,1995-10-15,Toronto,51.0,13.1,8.2,10.1,9.7,2.3,4.3,0.2,0.2,0.0,37.8,77.0
172682,1995-11-10,Toronto,71.0,9.1,0.2,4.4,4.5,-4.4,-0.8,0.7,0.2,0.42,22.3,43.2
172702,1995-11-30,Toronto,71.0,2.9,-5.0,-1.6,-3.2,-8.2,-6.3,0.0,0.0,0.14,21.4,41.8
172712,1995-12-10,Toronto,3.0,-7.3,-13.6,-10.5,-15.6,-20.9,-18.1,0.0,0.0,0.0,33.0,65.9
172739,1996-01-06,Toronto,3.0,-9.9,-19.1,-15.6,-13.7,-24.1,-20.2,0.0,0.0,0.0,9.5,17.3
172752,1996-01-19,Toronto,75.0,9.9,-8.9,3.4,4.8,-17.3,-2.5,28.0,24.1,2.73,35.7,91.8
172760,1996-01-27,Toronto,75.0,5.7,-4.8,0.3,-1.1,-14.6,-7.0,21.7,15.6,4.27,44.1,90.4
172763,1996-01-30,Toronto,3.0,-2.5,-13.2,-9.5,-11.4,-20.5,-16.8,0.0,0.0,0.0,38.8,69.1
172791,1996-02-27,Toronto,55.0,-0.3,-4.0,-2.4,-4.1,-9.4,-7.2,2.5,2.5,0.0,18.4,38.2
172810,1996-03-17,Toronto,0.0,2.0,-6.0,-2.8,-2.9,-11.4,-7.6,0.0,0.0,0.0,17.6,37.8
172837,1996-04-13,Toronto,61.0,3.1,0.2,1.3,0.3,-6.0,-3.9,15.9,15.9,0.0,27.8,54.7
172902,1996-06-17,Toronto,51.0,20.0,15.6,17.5,21.1,15.8,18.2,0.6,0.6,0.0,10.0,18.0
172979,1996-09-02,Toronto,2.0,26.0,16.2,20.9,28.6,17.2,22.4,0.0,0.0,0.0,8.7,17.6
172990,1996-09-13,Toronto,63.0,18.8,14.2,15.7,18.1,12.6,15.1,12.7,12.7,0.0,11.5,19.8
173116,1997-01-17,Toronto,3.0,-12.6,-18.5,-15.5,-20.4,-25.7,-23.3,0.0,0.0,0.0,33.4,63.4
173196,1997-04-07,Toronto,51.0,15.1,1.7,5.0,10.3,-6.0,-1.7,0.5,0.5,0.0,34.0,76.3
173275,1997-06-25,Toronto,51.0,28.3,17.8,23.2,29.9,19.4,24.4,0.2,0.2,0.0,24.6,71.6
173426,1997-11-23,Toronto,71.0,3.2,-1.1,1.2,-2.0,-5.2,-3.1,0.0,0.0,0.14,20.8,41.8
173483,1998-01-19,Toronto,71.0,-0.4,-6.0,-3.2,-4.3,-10.1,-7.2,0.1,0.0,0.35,9.6,18.4
173539,1998-03-16,Toronto,0.0,-0.9,-9.4,-5.8,-4.3,-14.6,-10.7,0.0,0.0,0.0,18.3,34.9
173615,1998-05-31,Toronto,63.0,22.7,15.5,18.9,21.0,13.9,17.2,6.9,6.9,0.0,38.0,84.2
173700,1998-08-24,Toronto,63.0,27.8,20.3,23.9,28.7,20.0,24.9,18.3,18.3,0.0,26.7,56.9
173779,1998-11-11,Toronto,63.0,12.1,6.2,8.1,7.5,-2.4,1.1,8.3,8.3,0.0,42.7,90.0
173842,1999-01-13,Toronto,73.0,-6.3,-18.1,-12.3,-11.0,-25.2,-18.9,9.0,0.0,6.37,23.2,42.1
173980,1999-05-31,Toronto,61.0,23.8,15.7,20.2,24.6,14.7,20.1,1.4,1.4,0.0,17.1,47.5
174014,1999-07-04,Toronto,61.0,31.1,22.9,26.2,33.6,24.3,28.5,2.3,2.3,0.0,23.7,43.6
174075,1999-09-03,Toronto,0.0,27.3,17.4,22.1,30.2,18.2,23.9,0.0,0.0,0.0,9.8,19.1
174136,1999-11-03,Toronto,73.0,4.2,1.6,2.7,-2.9,-4.7,-3.9,33.5,28.3,3.71,40.1,79.2
174137,1999-11-04,Toronto,71.0,7.4,2.2,4.1,2.3,-4.3,-1.9,0.0,0.0,0.07,27.9,55.1
174210,2000-01-16,Toronto,71.0,1.6,-9.4,-1.5,-4.1,-17.8,-8.4,0.0,0.0,0.07,38.2,73.8
174216,2000-01-22,Toronto,3.0,-11.2,-20.2,-17.0,-15.4,-25.6,-22.2,0.0,0.0,0.0,13.7,24.1
174221,2000-01-27,Toronto,2.0,-12.9,-18.8,-16.1,-20.7,-26.3,-23.6,0.0,0.0,0.0,27.6,55.8
174371,2000-06-25,Toronto,63.0,26.1,18.0,21.6,29.0,18.5,22.7,35.8,35.8,0.0,32.1,76.7
174472,2000-10-04,Toronto,63.0,17.1,12.6,14.7,15.4,11.4,13.2,10.2,10.2,0.0,10.5,20.9
174492,2000-10-24,Toronto,53.0,16.7,10.6,13.2,17.4,9.2,12.6,1.5,1.5,0.0,7.6,16.9
174500,2000-11-01,Toronto,0.0,12.2,4.1,7.6,10.3,1.4,5.3,0.0,0.0,0.0,8.0,13.7
174541,2000-12-12,Toronto,75.0,0.4,-9.4,-6.0,-5.2,-18.3,-13.1,24.4,0.2,17.01,38.3,85.0
174780,2001-08-08,Toronto,1.0,32.9,22.4,27.5,34.4,23.8,29.3,0.0,0.0,0.0,13.5,31.0
174923,2001-12-29,Toronto,71.0,-1.7,-5.4,-4.0,-8.2,-11.0,-10.0,0.0,0.0,0.14,23.4,46.4
174954,2002-01-29,Toronto,71.0,5.4,0.5,2.1,2.7,-3.7,-1.7,0.0,0.0,0.14,17.0,31.3
174986,2002-03-02,Toronto,71.0,7.3,-4.1,0.4,2.0,-9.2,-4.9,0.0,0.0,0.07,24.5,46.4
174994,2002-03-10,Toronto,71.0,11.2,-5.2,-2.0,4.7,-14.6,-11.0,5.1,5.1,0.07,45.7,92.5
175021,2002-04-06,Toronto,71.0,2.4,-2.7,-0.4,-2.6,-7.9,-5.5,0.0,0.0,0.07,20.2,44.3
175055,2002-05-10,Toronto,2.0,15.7,8.4,11.1,11.5,2.8,5.1,0.0,0.0,0.0,40.7,79.6
175108,2002-07-02,Toronto,2.0,31.4,23.6,27.6,34.7,25.8,30.4,0.0,0.0,0.0,15.5,33.5
175110,2002-07-04,Toronto,2.0,30.1,23.3,26.4,31.8,24.5,28.1,0.0,0.0,0.0,21.6,45.7
175128,2002-07-22,Toronto,63.0,31.0,22.9,26.3,33.9,25.0,28.6,8.5,8.5,0.0,25.3,53.6
175150,2002-08-13,Toronto,2.0,30.0,22.6,26.1,32.3,25.7,28.6,0.0,0.0,0.0,20.0,45.4
175151,2002-08-14,Toronto,63.0,29.5,24.8,26.8,30.9,26.1,28.3,3.0,3.0,0.0,24.7,67.3
175179,2002-09-11,Toronto,3.0,27.1,14.7,19.0,27.1,9.7,15.0,0.0,0.0,0.0,34.9,65.2
175322,2003-02-01,Toronto,71.0,1.6,-5.1,-2.1,-0.8,-9.3,-5.5,0.5,0.0,0.7,8.7,15.5
175326,2003-02-05,Toronto,3.0,-6.5,-13.0,-10.1,-14.3,-20.6,-17.7,0.0,0.0,0.0,36.5,73.4
175347,2003-02-26,Toronto,0.0,-11.0,-24.4,-18.0,-15.2,-29.2,-22.5,0.0,0.0,0.0,9.8,15.8
175348,2003-02-27,Toronto,0.0,-7.3,-21.4,-14.5,-11.4,-26.4,-19.0,0.0,0.0,0.0,8.1,16.2
175397,2003-04-17,Toronto,71.0,2.9,-2.2,0.1,-3.3,-9.7,-6.7,0.0,0.0,0.07,32.1,62.3
175404,2003-04-24,Toronto,0.0,10.9,-0.7,4.3,8.1,-5.5,-0.0,0.0,0.0,0.0,16.4,43.2
175515,2003-08-13,Toronto,2.0,25.8,19.6,22.6,30.1,21.7,25.7,0.0,0.0,0.0,8.4,18.0
175516,2003-08-14,Toronto,1.0,28.0,19.5,23.6,32.2,21.1,26.5,0.0,0.0,0.0,9.8,19.1
175555,2003-09-22,Toronto,63.0,19.9,16.3,17.8,19.3,15.4,16.8,20.1,20.1,0.0,35.2,79.2
175589,2003-10-26,Toronto,63.0,10.7,8.3,9.6,9.2,6.8,8.2,14.8,14.8,0.0,8.6,18.4
175607,2003-11-13,Toronto,73.0,10.7,0.1,4.9,7.6,-7.2,-2.0,13.7,11.0,1.89,45.1,95.4
175679,2004-01-24,Toronto,71.0,-12.9,-19.3,-15.7,-18.4,-25.4,-21.7,0.0,0.0,0.28,18.8,36.7
175680,2004-01-25,Toronto,3.0,-10.6,-21.4,-17.2,-14.8,-26.2,-22.1,0.0,0.0,0.0,13.3,25.9
175681,2004-01-26,Toronto,73.0,-11.6,-15.2,-13.1,-17.7,-22.1,-20.0,1.1,0.0,0.84,30.5,56.5
175698,2004-02-12,Toronto,71.0,-2.1,-9.2,-5.8,-4.9,-13.5,-9.7,0.2,0.0,0.63,9.7,18.0
175725,2004-03-10,Toronto,0.0,3.1,-5.0,-1.4,-0.2,-9.2,-5.2,0.0,0.0,0.0,12.7,29.9
175765,2004-04-19,Toronto,3.0,19.7,5.3,14.7,15.1,2.6,10.3,0.0,0.0,0.0,37.8,72.7
175868,2004-07-31,Toronto,65.0,25.2,20.5,22.1,27.8,23.3,24.7,55.3,55.3,0.0,18.8,55.8
175883,2004-08-15,Toronto,51.0,21.3,14.9,18.2,23.4,15.1,19.0,0.1,0.1,0.0,9.8,18.7
175908,2004-09-09,Toronto,63.0,19.6,15.1,16.7,17.5,12.0,13.7,42.4,42.4,0.0,34.2,67.0
175954,2004-10-25,Toronto,3.0,13.0,8.3,10.6,12.3,7.0,9.6,0.0,0.0,0.0,6.6,15.1
175986,2004-11-26,Toronto,71.0,3.1,-1.1,0.4,-0.8,-6.5,-4.2,0.0,0.0,0.07,22.0,40.0
176037,2005-01-16,Toronto,71.0,-6.3,-9.2,-7.9,-11.0,-13.6,-12.8,0.0,0.0,0.28,14.3,27.7
176041,2005-01-20,Toronto,71.0,-3.0,-16.6,-11.5,-8.0,-23.5,-17.9,0.0,0.0,0.07,24.9,46.1
176043,2005-01-22,Toronto,73.0,-10.9,-18.2,-14.1,-18.3,-24.1,-20.8,7.4,0.0,5.39,30.9,61.9
176044,2005-01-23,Toronto,71.0,-14.2,-20.9,-17.5,-20.3,-28.5,-25.1,0.7,0.0,0.7,30.3,64.8
176050,2005-01-29,Toronto,3.0,-4.0,-11.9,-7.9,-7.6,-17.1,-12.2,0.0,0.0,0.0,10.8,14.0
176059,2005-02-07,Toronto,51.0,2.5,-0.5,1.1,-0.2,-4.1,-2.3,1.3,1.3,0.0,10.5,15.5
176114,2005-04-03,Toronto,75.0,1.7,0.6,1.1,-5.0,-7.2,-6.2,38.4,5.8,22.82,39.0,72.7
176228,2005-07-26,Toronto,61.0,30.3,18.5,24.1,32.9,18.5,25.2,3.9,3.9,0.0,23.0,73.1
176236,2005-08-03,Toronto,51.0,29.8,21.2,25.5,33.9,23.5,29.0,0.5,0.5,0.0,10.9,27.7
176293,2005-09-29,Toronto,63.0,19.4,10.9,15.1,18.3,5.3,11.1,12.6,12.6,0.0,37.5,85.3
176332,2005-11-07,Toronto,3.0,11.6,6.8,8.9,7.9,1.7,3.7,0.0,0.0,0.0,35.8,72.4
176341,2005-11-16,Toronto,61.0,15.1,5.0,9.9,10.8,-1.1,4.9,13.0,13.0,0.0,38.5,88.2
176355,2005-11-30,Toronto,71.0,7.3,1.0,2.9,4.8,-3.6,-1.4,0.0,0.0,0.14,17.2,33.8
176367,2005-12-12,Toronto,71.0,-1.1,-12.5,-8.8,-6.7,-18.7,-14.7,0.0,0.0,0.07,21.4,45.4
176431,2006-02-14,Toronto,71.0,2.2,-3.7,-1.7,-3.1,-10.0,-7.3,0.0,0.0,0.21,28.3,47.9
176446,2006-03-01,Toronto,0.0,-0.1,-11.9,-7.7,-4.9,-17.4,-13.1,0.0,0.0,0.0,19.5,40.7
176522,2006-05-16,Toronto,63.0,12.7,8.3,10.4,12.2,7.4,9.3,13.8,13.8,0.0,9.2,23.0
176539,2006-06-02,Toronto,51.0,19.8,14.4,17.1,21.1,13.4,17.5,0.3,0.3,0.0,10.7,19.4
176599,2006-08-01,Toronto,51.0,32.9,25.8,28.8,36.0,29.1,32.3,0.1,0.1,0.0,18.7,41.4
176634,2006-09-05,Toronto,53.0,20.1,13.4,17.3,20.9,13.3,17.4,0.5,0.5,0.0,7.9,19.1
176688,2006-10-29,Toronto,53.0,7.3,3.6,4.9,0.4,-3.7,-2.1,3.1,3.1,0.0,40.8,88.9
176747,2006-12-27,Toronto,71.0,3.1,-1.0,0.5,-2.3,-6.2,-4.4,0.0,0.0,0.14,19.9,42.8
176786,2007-02-04,Toronto,3.0,-9.3,-16.7,-14.0,-16.8,-23.9,-21.7,0.0,0.0,0.0,31.8,63.0
176796,2007-02-14,Toronto,73.0,-10.1,-14.4,-13.1,-17.5,-21.8,-20.3,10.4,0.0,7.28,25.4,49.3
176809,2007-02-27,Toronto,71.0,-0.6,-8.8,-3.8,-3.7,-13.0,-7.5,0.6,0.0,0.63,8.2,13.0
176816,2007-03-06,Toronto,3.0,-12.6,-22.4,-17.1,-17.8,-28.8,-23.6,0.0,0.0,0.0,28.5,57.2
176831,2007-03-21,Toronto,51.0,1.1,-7.0,-4.1,-3.3,-12.6,-9.0,0.7,0.7,0.0,15.5,34.9
177001,2007-09-07,Toronto,2.0,28.9,22.3,25.5,27.6,23.9,25.9,0.0,0.0,0.0,32.6,64.1
177039,2007-10-15,Toronto,3.0,13.5,8.4,11.2,11.9,6.9,9.7,0.0,0.0,0.0,6.8,16.6
177143,2008-01-27,Toronto,71.0,-0.9,-7.8,-4.2,-4.4,-11.9,-7.9,0.5,0.0,0.63,6.4,13.7
177155,2008-02-08,Toronto,71.0,-0.8,-7.3,-5.1,-4.4,-11.5,-9.1,0.0,0.0,0.21,9.2,16.2
177205,2008-03-29,Toronto,0.0,0.2,-7.1,-3.5,-2.3,-12.0,-7.7,0.0,0.0,0.0,16.1,36.0
177375,2008-09-15,Toronto,63.0,23.2,13.9,16.7,25.4,11.5,14.6,11.8,11.8,0.0,38.2,82.8
177417,2008-10-27,Toronto,71.0,9.3,4.7,7.3,6.5,0.2,3.2,1.3,1.2,0.07,19.0,41.8
177510,2009-01-28,Toronto,75.0,-3.4,-10.2,-5.7,-7.7,-15.1,-11.0,15.9,0.0,11.13,20.7,40.0
177564,2009-03-23,Toronto,0.0,1.3,-6.0,-2.6,-2.4,-11.8,-7.8,0.0,0.0,0.0,18.4,35.3
177616,2009-05-14,Toronto,61.0,18.8,12.4,14.8,14.5,8.0,10.7,8.6,8.6,0.0,36.9,90.0
177827,2009-12-11,Toronto,3.0,-5.8,-8.4,-7.2,-13.5,-16.3,-15.3,0.0,0.0,0.0,37.5,69.8
177850,2010-01-03,Toronto,73.0,-10.3,-15.3,-13.0,-17.7,-22.6,-20.5,2.0,0.0,1.47,31.6,68.4
177878,2010-01-31,Toronto,71.0,-3.5,-10.3,-8.1,-10.4,-16.1,-13.8,0.0,0.0,0.14,24.0,46.8
177902,2010-02-24,Toronto,71.0,0.0,-8.9,-3.4,-3.1,-13.1,-7.1,0.1,0.0,0.21,10.5,18.0
177926,2010-03-20,Toronto,71.0,10.6,1.9,4.4,8.0,-2.8,0.2,0.0,0.0,0.07,17.6,31.3
178041,2010-07-13,Toronto,63.0,26.0,20.8,23.2,29.9,23.6,26.5,3.9,3.9,0.0,9.0,18.4
178069,2010-08-10,Toronto,51.0,28.6,20.5,23.9,32.7,23.5,27.5,1.2,1.2,0.0,7.3,18.4
178094,2010-09-04,Toronto,51.0,22.3,14.5,17.1,21.6,9.5,13.3,0.5,0.5,0.0,38.0,79.2
178114,2010-09-24,Toronto,3.0,27.0,16.9,22.7,25.6,16.8,21.9,0.0,0.0,0.0,33.2,63.0
178195,2010-12-14,Toronto,71.0,-6.8,-12.0,-10.0,-13.5,-20.7,-18.0,0.2,0.0,1.4,36.5,69.5
178245,2011-02-02,Toronto,75.0,-8.0,-10.6,-9.6,-14.1,-18.8,-16.5,17.4,0.1,12.25,33.2,62.6
178262,2011-02-19,Toronto,71.0,3.7,-10.0,-4.9,-4.3,-18.1,-13.0,0.0,0.0,0.14,37.2,74.2
178283,2011-03-12,Toronto,71.0,4.0,-1.2,0.9,0.6,-6.2,-3.6,0.0,0.0,0.07,20.2,41.8
178298,2011-03-27,Toronto,0.0,-2.2,-10.1,-6.5,-7.2,-15.3,-11.7,0.0,0.0,0.0,18.7,39.6
178413,2011-07-20,Toronto,2.0,31.8,18.9,24.7,34.2,21.2,27.0,0.0,0.0,0.0,15.5,31.7
178414,2011-07-21,Toronto,3.0,33.2,25.1,29.1,36.1,27.2,31.3,0.0,0.0,0.0,23.9,51.1
178557,2011-12-11,Toronto,0.0,2.5,-3.7,-1.8,-3.7,-9.1,-7.3,0.0,0.0,0.0,23.9,45.7
178562,2011-12-16,Toronto,71.0,8.2,0.9,3.7,3.8,-5.6,-1.7,0.1,0.1,0.07,31.9,61.6
178595,2012-01-18,Toronto,3.0,6.7,-7.8,-4.6,0.6,-14.7,-11.1,0.0,0.0,0.0,37.1,73.8
178608,2012-01-31,Toronto,73.0,7.8,-3.6,1.4,3.7,-7.7,-2.7,2.9,0.0,2.03,17.9,33.5
178640,2012-03-03,Toronto,61.0,7.7,2.2,3.8,1.6,-6.7,-3.7,10.3,10.3,0.0,49.5,96.1
178684,2012-04-16,Toronto,3.0,20.5,13.0,16.2,16.8,10.8,13.9,0.0,0.0,0.0,34.7,65.2
178763,2012-07-04,Toronto,51.0,32.5,21.2,26.4,35.2,23.9,29.1,0.1,0.1,0.0,14.8,41.4
178765,2012-07-06,Toronto,1.0,33.3,22.5,27.2,34.7,25.2,29.7,0.0,0.0,0.0,12.6,29.9
178775,2012-07-16,Toronto,1.0,31.0,21.2,25.4,33.4,23.6,27.9,0.0,0.0,0.0,10.8,31.0
178776,2012-07-17,Toronto,53.0,33.5,25.6,28.8,35.0,26.0,30.0,1.0,1.0,0.0,23.1,50.8
178829,2012-09-08,Toronto,65.0,23.3,16.7,19.8,25.9,15.3,19.2,46.6,46.6,0.0,27.9,68.0
178899,2012-11-17,Toronto,3.0,6.8,1.5,4.0,5.0,-1.3,1.5,0.0,0.0,0.0,7.3,12.6
178939,2012-12-27,Toronto,75.0,-4.2,-6.5,-5.5,-10.5,-12.9,-11.9,12.4,0.0,8.82,27.1,47.2
178969,2013-01-26,Toronto,71.0,-3.6,-10.7,-7.7,-7.8,-15.0,-12.0,0.0,0.0,0.14,9.7,17.3
178982,2013-02-08,Toronto,75.0,-2.0,-9.1,-5.2,-8.1,-16.6,-11.9,25.6,0.0,18.06,29.2,56.9
179003,2013-03-01,Toronto,71.0,0.7,-5.1,-2.7,-4.6,-11.3,-8.5,0.0,0.0,0.14,22.2,43.6
179009,2013-03-07,Toronto,71.0,1.1,-3.3,-1.1,-1.8,-7.0,-4.5,0.5,0.4,0.49,8.0,15.8
179024,2013-03-22,Toronto,71.0,1.6,-4.8,-2.3,-3.9,-10.8,-7.6,0.0,0.0,0.42,22.5,43.9
179122,2013-06-28,Toronto,61.0,20.7,17.7,18.6,24.4,18.7,20.7,23.4,23.4,0.0,13.5,24.5
179143,2013-07-19,Toronto,1.0,30.7,25.1,27.5,32.6,27.2,29.5,0.0,0.0,0.0,30.7,65.9
179265,2013-11-18,Toronto,63.0,13.5,3.6,8.4,9.2,-3.2,2.1,7.5,7.5,0.0,44.7,95.4
179273,2013-11-26,Toronto,71.0,2.1,-0.5,0.5,-2.4,-6.4,-4.5,0.0,0.0,0.49,24.7,47.5
179298,2013-12-21,Toronto,61.0,1.9,-0.3,0.6,-1.6,-4.5,-3.0,10.7,10.7,0.0,14.0,51.1
179311,2014-01-03,Toronto,71.0,-14.6,-23.2,-19.4,-19.1,-29.6,-25.6,0.0,0.0,0.21,23.1,43.9
179315,2014-01-07,Toronto,71.0,-13.5,-21.2,-17.6,-21.3,-29.6,-26.1,0.3,0.0,0.42,38.7,65.9
179330,2014-01-22,Toronto,3.0,-13.5,-22.4,-18.8,-17.7,-28.0,-24.0,0.0,0.0,0.0,12.6,22.7
179332,2014-01-24,Toronto,71.0,-10.1,-19.6,-15.6,-18.6,-24.8,-22.4,0.0,0.0,0.07,37.5,69.5
179343,2014-02-04,Toronto,3.0,-5.7,-16.4,-11.5,-9.6,-21.5,-16.1,0.0,0.0,0.0,10.9,15.1
179366,2014-02-27,Toronto,71.0,-11.0,-14.6,-12.1,-17.5,-22.0,-19.1,0.1,0.0,0.14,32.4,69.5
179408,2014-04-10,Toronto,51.0,15.4,1.7,7.1,9.8,-3.1,2.0,0.3,0.3,0.0,34.0,75.6
179417,2014-04-19,Toronto,0.0,8.5,0.0,4.4,6.9,-4.3,0.8,0.0,0.0,0.0,16.5,37.8
179447,2014-05-19,Toronto,61.0,17.6,6.5,11.8,18.0,3.2,9.9,1.3,1.3,0.0,11.2,33.5
179489,2014-06-30,Toronto,1.0,27.1,19.4,23.2,29.2,22.1,25.2,0.0,0.0,0.0,23.7,58.0
179630,2014-11-18,Toronto,71.0,-0.3,-7.6,-5.2,-6.3,-15.6,-13.1,0.0,0.0,0.07,42.7,80.3
179637,2014-11-25,Toronto,3.0,6.0,1.1,2.8,-1.8,-5.6,-4.3,0.0,0.0,0.0,39.4,77.8
179663,2014-12-21,Toronto,3.0,1.0,-3.0,-1.0,-2.4,-6.5,-4.5,0.0,0.0,0.0,5.8,13.7
179682,2015-01-09,Toronto,73.0,-6.5,-9.9,-8.6,-14.2,-17.7,-16.2,2.2,0.0,1.68,32.4,69.1
179701,2015-01-28,Toronto,0.0,-2.0,-13.2,-9.4,-6.0,-19.5,-15.1,0.0,0.0,0.0,19.1,34.2
179706,2015-02-02,Toronto,75.0,-11.1,-15.7,-13.7,-18.0,-23.5,-21.1,13.4,0.0,9.38,31.1,55.4
179719,2015-02-15,Toronto,3.0,-13.9,-24.8,-20.8,-21.2,-32.9,-28.8,0.0,0.0,0.0,33.4,65.5
179720,2015-02-16,Toronto,1.0,-14.3,-23.9,-20.6,-18.6,-30.3,-26.3,0.0,0.0,0.0,21.8,39.2
179724,2015-02-20,Toronto,1.0,-14.7,-23.4,-20.2,-20.7,-29.7,-26.5,0.0,0.0,0.0,20.3,39.6
179759,2015-03-27,Toronto,71.0,2.5,-5.2,-1.0,-0.7,-11.7,-6.1,0.0,0.0,0.07,22.4,46.1
179769,2015-04-06,Toronto,71.0,5.8,-1.8,1.5,2.7,-5.2,-2.2,0.0,0.0,0.14,15.2,35.3
179770,2015-04-07,Toronto,71.0,5.6,0.2,2.2,1.7,-3.7,-1.9,0.0,0.0,0.14,16.3,38.5
179939,2015-09-23,Toronto,3.0,21.6,10.9,16.7,23.1,10.8,17.3,0.0,0.0,0.0,9.0,17.3
179952,2015-10-06,Toronto,51.0,16.6,12.1,13.9,15.5,11.8,13.2,0.6,0.6,0.0,10.0,16.6
179974,2015-10-28,Toronto,63.0,13.4,8.1,10.0,11.8,3.6,5.8,47.4,47.4,0.0,32.1,76.3
180075,2016-02-06,Toronto,71.0,3.2,-1.1,0.5,-2.9,-6.1,-4.7,0.0,0.0,0.21,22.9,43.9
180100,2016-03-02,Toronto,75.0,-5.5,-10.5,-7.9,-11.9,-17.8,-14.6,15.0,0.0,10.57,26.5,61.2
180134,2016-04-05,Toronto,0.0,-0.0,-7.7,-4.7,-3.2,-13.3,-9.4,0.0,0.0,0.0,18.8,34.2
180137,2016-04-08,Toronto,71.0,4.3,-2.9,0.3,-1.5,-9.9,-5.7,0.0,0.0,0.28,26.0,48.6
180202,2016-06-12,Toronto,1.0,26.2,12.8,17.7,24.6,8.1,13.6,0.0,0.0,0.0,31.7,68.0
180203,2016-06-13,Toronto,3.0,19.4,10.5,14.4,18.5,7.6,11.4,0.0,0.0,0.0,23.8,64.8
180233,2016-07-13,Toronto,51.0,31.4,21.0,25.5,32.5,22.3,26.9,0.2,0.2,0.0,19.7,42.1
180264,2016-08-13,Toronto,63.0,29.4,22.9,25.4,31.7,26.4,28.7,19.6,19.6,0.0,27.8,63.0
180267,2016-08-16,Toronto,63.0,26.0,22.3,23.3,26.2,21.5,24.8,19.9,19.9,0.0,34.4,71.3
180330,2016-10-18,Toronto,3.0,23.0,18.7,20.3,20.4,16.8,18.7,0.0,0.0,0.0,33.7,62.3
180363,2016-11-20,Toronto,71.0,3.5,0.1,1.4,-1.4,-8.5,-5.5,0.0,0.0,0.42,43.3,84.6
180364,2016-11-21,Toronto,71.0,0.5,-1.2,-0.4,-6.7,-9.4,-8.4,0.0,0.0,1.12,39.7,75.6
180382,2016-12-09,Toronto,71.0,-0.8,-4.0,-2.1,-6.4,-9.3,-7.7,0.0,0.0,0.63,26.7,46.1
180383,2016-12-10,Toronto,71.0,-1.0,-5.3,-3.7,-6.5,-9.7,-8.3,0.0,0.0,0.07,20.6,36.0
180387,2016-12-14,Toronto,71.0,-2.4,-9.7,-6.5,-8.0,-16.7,-13.4,0.0,0.0,0.07,40.1,73.8
180415,2017-01-11,Toronto,71.0,6.3,-0.3,3.3,0.7,-6.8,-3.1,6.7,6.6,0.07,43.9,103.0
180432,2017-01-28,Toronto,71.0,0.9,-2.3,-1.0,-5.2,-7.9,-6.8,0.0,0.0,0.21,25.0,44.6
180442,2017-02-07,Toronto,61.0,1.2,-3.6,-0.8,-3.5,-7.6,-6.0,6.8,6.8,0.0,26.8,51.8
180465,2017-03-02,Toronto,71.0,9.1,-7.0,-2.4,2.9,-15.7,-9.5,0.0,0.0,0.21,35.7,67.7
180670,2017-09-23,Toronto,0.0,28.5,16.7,21.8,31.3,17.3,23.2,0.0,0.0,0.0,9.3,19.4
180671,2017-09-24,Toronto,0.0,28.7,19.2,23.9,31.9,21.4,26.7,0.0,0.0,0.0,9.8,18.7
180721,2017-11-13,Toronto,51.0,5.5,2.4,3.9,3.1,-0.1,1.3,1.2,1.2,0.0,7.4,13.3
180766,2017-12-28,Toronto,2.0,-12.7,-20.9,-17.1,-17.2,-26.2,-22.2,0.0,0.0,0.0,12.2,21.2
180774,2018-01-05,Toronto,3.0,-15.7,-20.2,-18.2,-23.0,-27.6,-25.7,0.0,0.0,0.0,28.0,51.1
180775,2018-01-06,Toronto,2.0,-16.0,-23.2,-19.4,-22.3,-29.4,-25.9,0.0,0.0,0.0,22.4,41.0
180829,2018-03-01,Toronto,71.0,7.6,-0.8,1.5,3.4,-5.4,-3.0,0.1,0.0,0.07,19.3,39.2
180843,2018-03-15,Toronto,71.0,3.4,-3.0,-0.4,-1.3,-8.0,-5.4,0.0,0.0,0.07,21.2,46.1
180852,2018-03-24,Toronto,0.0,1.0,-4.2,-1.7,-3.9,-10.2,-7.3,0.0,0.0,0.0,19.7,41.8
180853,2018-03-25,Toronto,0.0,1.4,-5.9,-2.8,-2.9,-12.0,-8.2,0.0,0.0,0.0,22.3,43.2
180863,2018-04-04,Toronto,63.0,5.2,-0.9,2.2,0.2,-9.8,-4.1,10.8,10.8,0.0,46.6,89.3
180864,2018-04-05,Toronto,71.0,1.8,-3.7,-1.3,-4.5,-10.0,-7.6,0.0,0.0,0.28,31.9,75.2
180875,2018-04-16,Toronto,63.0,5.1,1.1,3.0,1.1,-5.7,-2.5,35.9,35.9,0.0,37.6,79.9
180888,2018-04-29,Toronto,71.0,9.5,1.0,4.1,4.6,-4.2,-1.2,0.1,0.0,0.28,25.5,51.1
180893,2018-05-04,Toronto,63.0,20.9,6.7,11.6,17.8,3.1,8.7,10.1,10.1,0.0,49.6,96.8
180985,2018-08-04,Toronto,55.0,27.7,19.1,23.3,31.4,21.4,26.4,1.8,1.8,0.0,8.6,20.2
180995,2018-08-14,Toronto,51.0,28.8,20.6,24.1,30.4,21.4,26.0,0.9,0.9,0.0,14.3,25.2
180998,2018-08-17,Toronto,63.0,25.7,21.3,23.1,29.0,23.7,25.9,29.4,29.4,0.0,15.3,28.4
181027,2018-09-15,Toronto,2.0,25.8,18.5,21.8,29.7,20.9,25.0,0.0,0.0,0.0,6.4,18.0
181033,2018-09-21,Toronto,63.0,27.0,16.2,21.4,26.2,14.8,20.9,8.5,8.5,0.0,34.7,70.6
181074,2018-11-01,Toronto,61.0,9.0,4.9,6.9,6.7,2.5,4.7,11.1,11.1,0.0,12.4,24.1
181117,2018-12-14,Toronto,53.0,4.1,1.4,2.5,1.3,-2.0,-0.5,3.7,3.7,0.0,10.1,16.2
181134,2018-12-31,Toronto,61.0,2.9,-1.7,0.2,-0.8,-6.1,-3.7,2.9,2.9,0.0,18.5,35.6
181154,2019-01-20,Toronto,73.0,-13.3,-18.7,-16.2,-20.1,-27.0,-24.0,6.3,0.0,4.41,32.7,61.2
181155,2019-01-21,Toronto,1.0,-11.7,-22.1,-19.0,-18.3,-30.2,-26.5,0.0,0.0,0.0,29.7,55.4
181162,2019-01-28,Toronto,73.0,-7.4,-17.7,-13.3,-14.8,-23.9,-19.7,2.3,0.0,1.61,31.7,59.0
181164,2019-01-30,Toronto,3.0,-8.7,-18.3,-15.3,-16.3,-25.6,-22.7,0.0,0.0,0.0,35.1,64.8
181165,2019-01-31,Toronto,3.0,-13.9,-18.8,-16.8,-21.4,-27.1,-24.9,0.0,0.0,0.0,31.9,54.7
181172,2019-02-07,Toronto,51.0,0.1,-2.9,-1.6,-4.1,-7.4,-6.0,1.0,1.0,0.0,25.9,40.0
181219,2019-03-26,Toronto,0.0,2.5,-3.5,-0.8,0.3,-8.3,-5.1,0.0,0.0,0.0,15.3,27.7
181251,2019-04-27,Toronto,71.0,8.5,1.2,4.6,2.9,-6.2,-1.9,0.1,0.1,0.14,37.8,67.0
181510,2020-01-11,Toronto,63.0,10.0,2.4,5.6,8.3,-2.4,2.1,46.3,46.3,0.0,27.7,77.0
181523,2020-01-24,Toronto,51.0,1.6,-1.0,0.2,-3.5,-5.7,-4.4,0.4,0.4,0.0,20.3,37.4
181551,2020-02-21,Toronto,0.0,-0.2,-9.8,-6.6,-6.9,-15.3,-12.4,0.0,0.0,0.0,23.6,46.8
181600,2020-04-10,Toronto,71.0,6.0,0.5,2.9,-0.7,-7.2,-4.0,0.0,0.0,0.14,41.0,74.5
181628,2020-05-08,Toronto,71.0,7.2,0.6,3.2,2.2,-4.8,-2.3,0.1,0.0,0.14,25.4,51.5
181689,2020-07-08,Toronto,53.0,30.0,22.0,26.3,34.3,25.4,29.2,0.7,0.7,0.0,13.7,28.1
181708,2020-07-27,Toronto,51.0,30.3,24.4,26.9,32.6,25.4,28.5,0.5,0.5,0.0,20.9,50.4
181714,2020-08-02,Toronto,63.0,25.0,20.0,21.9,24.9,20.2,22.8,25.3,25.3,0.0,32.8,70.6
181869,2021-01-04,Toronto,71.0,0.7,-3.2,-0.8,-2.4,-6.5,-4.0,0.1,0.0,0.07,7.9,15.5
181870,2021-01-05,Toronto,3.0,1.1,-0.9,0.3,-1.6,-4.0,-2.8,0.0,0.0,0.0,7.4,14.0
181912,2021-02-16,Toronto,75.0,-7.2,-9.0,-8.1,-13.6,-16.0,-14.9,18.0,0.0,12.81,28.6,50.4
181938,2021-03-14,Toronto,71.0,3.5,-2.5,0.9,-1.8,-9.6,-5.2,0.0,0.0,0.07,31.4,61.9
182211,2021-12-12,Toronto,3.0,6.1,0.6,2.8,0.3,-4.9,-3.4,0.0,0.0,0.0,39.6,77.4
182243,2022-01-13,Toronto,71.0,0.9,-2.2,-0.6,-2.0,-5.9,-3.9,0.3,0.0,0.21,7.8,15.8
182247,2022-01-17,Toronto,75.0,-1.8,-5.7,-4.0,-6.6,-12.9,-10.2,32.6,0.1,22.75,30.6,54.7
182251,2022-01-21,Toronto,2.0,-11.4,-18.5,-15.6,-15.6,-23.9,-20.5,0.0,0.0,0.0,11.5,18.4
182273,2022-02-12,Toronto,51.0,1.8,-9.7,-2.0,-3.0,-15.3,-7.5,1.1,1.1,0.0,25.9,47.9
182398,2022-06-17,Toronto,1.0,25.0,18.7,21.6,25.2,15.8,19.6,0.0,0.0,0.0,34.1,64.1
182431,2022-07-20,Toronto,3.0,28.1,22.9,25.5,30.8,25.3,27.3,0.0,0.0,0.0,28.2,54.0
182471,2022-08-29,Toronto,2.0,28.2,19.9,23.6,29.8,22.1,25.4,0.0,0.0,0.0,25.4,59.4
182498,2022-09-25,Toronto,63.0,17.9,13.7,15.2,18.1,12.9,14.7,20.6,20.6,0.0,11.7,23.0
