,0,1,2,3,4,5,6,7,8,9,10,11,12,13
76,1940-03-18,Toronto,53.0,1.3,-8.5,-3.0,-3.4,-13.5,-8.0,4.0,4.0,0.0,23.3,41.0
104,1940-04-15,Toronto,51.0,2.5,-11.8,-4.2,-1.4,-17.1,-8.5,1.1,1.1,0.0,14.5,21.2
169,1940-06-19,Toronto,53.0,23.5,15.4,18.5,25.0,11.2,17.1,1.2,1.2,0.0,29.0,69.5
174,1940-06-24,Toronto,65.0,17.1,12.7,14.0,15.5,10.1,12.3,49.3,49.3,0.0,26.8,50.0
205,1940-07-25,Toronto,63.0,32.2,20.1,25.6,36.1,22.2,28.7,9.9,9.9,0.0,15.9,42.1
309,1940-11-06,Toronto,71.0,11.8,2.2,4.9,8.8,-5.6,-1.7,0.9,0.6,0.21,35.9,71.6
314,1940-11-11,Toronto,63.0,13.4,6.8,8.5,8.1,3.8,5.4,16.7,16.7,0.0,39.6,85.3
359,1940-12-26,Toronto,53.0,3.5,-0.6,1.6,1.0,-4.0,-1.6,4.9,4.9,0.0,10.3,18.0
361,1940-12-28,Toronto,63.0,3.4,2.2,2.8,-0.2,-2.4,-1.4,18.5,18.5,0.0,20.9,34.6
391,1941-01-27,Toronto,73.0,-7.1,-9.9,-8.7,-12.7,-17.7,-15.7,7.0,0.0,4.9,30.3,51.5
441,1941-03-18,Toronto,71.0,-10.1,-18.0,-14.8,-18.1,-25.7,-22.9,0.4,0.0,0.28,34.8,64.1
474,1941-04-20,Toronto,61.0,21.5,10.2,14.6,20.5,8.4,13.3,3.5,3.5,0.0,35.1,72.7
530,1941-06-15,Toronto,51.0,19.7,13.8,17.0,21.5,14.5,18.2,2.2,2.2,0.0,7.4,19.1
573,1941-07-28,Toronto,63.0,32.6,23.8,27.4,35.5,27.3,30.8,4.5,4.5,0.0,19.5,48.2
575,1941-07-30,Toronto,63.0,21.6,18.8,20.4,25.6,20.1,22.9,46.8,46.8,0.0,14.8,45.4
607,1941-08-31,Toronto,51.0,29.4,21.1,24.1,31.2,23.6,26.3,1.2,1.2,0.0,24.2,64.4
616,1941-09-09,Toronto,55.0,27.5,15.2,19.6,29.3,12.7,19.7,4.4,4.4,0.0,21.7,64.8
632,1941-09-25,Toronto,53.0,23.6,14.2,18.4,20.5,13.8,16.5,1.3,1.3,0.0,45.3,83.5
669,1941-11-01,Toronto,63.0,14.9,7.4,10.2,13.4,2.9,6.1,30.5,30.5,0.0,30.3,68.4
704,1941-12-06,Toronto,71.0,11.6,-2.5,3.8,7.3,-9.7,-2.6,0.6,0.3,0.21,31.0,56.2
721,1941-12-23,Toronto,63.0,4.8,0.7,2.8,1.1,-3.8,-1.1,17.2,17.2,0.0,17.7,32.4
818,1942-03-30,Toronto,73.0,3.2,-0.7,0.7,0.9,-3.9,-2.2,2.7,0.2,1.75,7.7,10.8
999,1942-09-27,Toronto,63.0,19.9,10.2,13.3,16.5,5.9,10.0,35.1,35.1,0.0,31.9,81.0
1029,1942-10-27,Toronto,51.0,6.2,0.8,3.4,-0.8,-5.8,-3.0,0.1,0.1,0.0,36.2,72.4
1043,1942-11-10,Toronto,63.0,14.2,4.0,10.7,9.5,-2.2,5.4,36.5,36.5,0.0,43.3,96.8
1092,1942-12-29,Toronto,55.0,1.8,-1.4,0.4,-1.3,-7.2,-4.1,3.7,3.7,0.0,22.1,44.6
1098,1943-01-04,Toronto,75.0,-9.0,-13.1,-11.2,-14.2,-20.3,-18.1,9.4,0.0,6.58,26.6,53.3
1113,1943-01-19,Toronto,73.0,-3.3,-13.6,-6.7,-8.2,-22.2,-13.0,1.5,0.0,1.05,39.7,72.0
1131,1943-02-06,Toronto,61.0,3.4,-4.6,-1.1,-1.9,-9.1,-6.4,5.7,5.7,0.0,29.5,60.8
1168,1943-03-15,Toronto,61.0,1.9,-3.9,-1.1,-2.3,-8.2,-5.8,2.1,2.1,0.0,20.7,41.0
1169,1943-03-16,Toronto,63.0,6.1,-1.6,1.5,3.3,-7.8,-2.8,29.6,29.6,0.0,25.7,69.1
1173,1943-03-20,Toronto,55.0,3.2,-3.6,-1.3,-3.1,-11.8,-7.9,2.7,2.7,0.0,35.2,63.0
1225,1943-05-11,Toronto,63.0,8.8,6.4,7.2,6.1,2.9,3.9,46.7,46.7,0.0,21.7,63.4
1235,1943-05-21,Toronto,63.0,13.3,10.0,11.4,12.3,6.2,8.6,35.3,35.3,0.0,27.6,54.0
1279,1943-07-04,Toronto,63.0,23.6,18.7,19.9,23.4,19.9,20.9,47.2,47.2,0.0,19.9,40.7
1384,1943-10-17,Toronto,65.0,8.1,3.8,6.4,6.2,-1.1,1.9,39.2,39.2,0.0,30.2,56.9
1454,1943-12-26,Toronto,55.0,2.6,-5.9,-2.3,-1.6,-10.4,-6.4,3.4,3.4,0.0,11.9,23.0
1496,1944-02-06,Toronto,55.0,5.1,-9.1,-4.0,-1.4,-15.6,-10.4,2.0,2.0,0.0,36.7,76.3
1502,1944-02-12,Toronto,73.0,-8.4,-11.3,-10.4,-15.5,-18.0,-17.2,8.9,0.0,6.23,25.8,46.8
1522,1944-03-03,Toronto,73.0,-3.3,-8.0,-6.0,-8.0,-12.0,-10.2,6.0,0.0,4.2,13.2,26.3
1584,1944-05-04,Toronto,51.0,21.2,14.5,17.7,20.1,13.2,16.6,0.6,0.6,0.0,27.5,65.2
1806,1944-12-12,Toronto,75.0,-3.4,-5.7,-4.7,-10.0,-13.4,-12.2,30.7,0.0,21.49,36.3,66.6
1825,1944-12-31,Toronto,73.0,1.8,-0.7,0.4,-0.9,-4.0,-2.6,2.3,1.0,0.91,7.5,13.0
1835,1945-01-10,Toronto,71.0,-10.4,-22.3,-17.4,-15.3,-27.1,-22.5,0.9,0.0,0.63,13.1,24.1
1903,1945-03-19,Toronto,61.0,10.8,3.1,5.9,10.0,-0.2,3.6,8.3,8.3,0.0,11.6,20.9
1919,1945-04-04,Toronto,61.0,18.0,2.7,6.9,15.6,-2.8,3.0,3.7,3.7,0.0,28.3,72.0
1946,1945-05-01,Toronto,71.0,10.9,1.7,5.9,8.7,-2.7,2.4,1.8,1.5,0.21,21.4,37.4
1949,1945-05-04,Toronto,63.0,7.9,5.0,6.4,4.8,1.2,2.8,24.0,24.0,0.0,24.0,43.6
1958,1945-05-13,Toronto,53.0,13.7,3.7,7.8,12.6,1.9,6.1,3.0,3.0,0.0,6.8,21.2
1967,1945-05-22,Toronto,61.0,21.9,12.5,17.7,20.7,6.7,15.0,2.3,2.3,0.0,40.0,81.4
1973,1945-05-28,Toronto,63.0,22.4,11.5,15.3,21.8,10.0,13.2,14.0,14.0,0.0,35.7,72.0
2020,1945-07-14,Toronto,65.0,24.3,17.5,20.4,27.2,18.5,22.5,41.1,41.1,0.0,11.0,36.7
2051,1945-08-14,Toronto,63.0,28.4,23.0,25.1,29.2,24.9,26.6,3.7,3.7,0.0,32.3,68.4
2086,1945-09-18,Toronto,63.0,13.5,11.1,12.0,9.8,7.4,8.3,40.9,40.9,0.0,25.3,47.5
2099,1945-10-01,Toronto,63.0,17.9,9.1,12.6,17.9,4.7,10.6,54.2,54.2,0.0,19.2,47.9
2129,1945-10-31,Toronto,53.0,17.0,6.0,11.1,11.4,1.9,6.2,2.4,2.4,0.0,41.1,79.9
2142,1945-11-13,Toronto,53.0,16.1,9.5,14.0,12.9,5.2,10.7,2.1,2.1,0.0,33.3,73.8
2189,1945-12-30,Toronto,55.0,2.8,1.1,2.1,-0.8,-1.9,-1.3,7.5,7.5,0.0,13.2,24.8
2247,1946-02-26,Toronto,75.0,-9.5,-13.8,-12.1,-15.5,-20.0,-17.9,13.0,0.0,9.1,22.4,40.3
2282,1946-04-02,Toronto,55.0,18.5,4.9,11.5,14.1,0.0,7.4,2.4,2.4,0.0,39.1,79.6
2443,1946-09-10,Toronto,61.0,26.7,19.6,21.8,27.4,18.3,22.7,10.1,10.1,0.0,28.7,68.4
2475,1946-10-12,Toronto,63.0,18.4,7.1,12.2,17.3,2.9,9.9,30.9,30.9,0.0,23.0,40.7
2537,1946-12-13,Toronto,61.0,12.6,-4.2,1.6,6.5,-13.1,-5.9,1.9,1.9,0.0,46.2,83.2
2541,1946-12-17,Toronto,71.0,7.6,-2.0,0.7,1.8,-10.9,-6.5,2.7,2.3,0.28,40.3,73.1
2552,1946-12-28,Toronto,75.0,-2.9,-13.9,-8.1,-9.3,-21.3,-14.8,22.4,12.0,7.28,31.7,70.2
2557,1947-01-02,Toronto,75.0,-2.8,-5.5,-3.7,-5.8,-11.9,-8.0,19.4,0.2,13.44,22.8,37.1
2575,1947-01-20,Toronto,61.0,2.2,-2.0,1.3,-0.6,-6.3,-2.5,13.0,13.0,0.0,19.6,32.0
2617,1947-03-03,Toronto,73.0,-1.6,-4.1,-2.9,-5.0,-12.9,-9.7,2.6,0.0,1.82,40.9,76.7
2618,1947-03-04,Toronto,73.0,-2.4,-5.7,-4.3,-10.0,-13.9,-12.2,2.9,0.0,2.03,39.8,76.7
2637,1947-03-23,Toronto,73.0,9.3,-1.6,3.0,6.4,-6.0,-1.2,0.7,0.0,0.49,21.8,33.1
2640,1947-03-26,Toronto,73.0,-5.8,-10.6,-8.7,-13.7,-19.1,-16.9,3.8,0.0,2.66,38.7,85.3
2650,1947-04-05,Toronto,63.0,9.8,1.7,4.4,8.6,-2.6,1.3,27.4,27.4,0.0,17.7,34.6
2654,1947-04-09,Toronto,73.0,9.8,0.3,3.7,6.0,-3.0,0.2,3.8,0.0,2.66,16.6,25.2
2672,1947-04-27,Toronto,51.0,10.5,2.6,6.8,6.0,-4.2,1.2,1.7,1.7,0.0,33.2,74.2
2708,1947-06-02,Toronto,63.0,17.5,11.9,13.5,15.7,10.0,12.3,33.0,33.0,0.0,18.6,35.3
2763,1947-07-27,Toronto,65.0,25.3,19.2,21.4,25.7,19.5,22.5,53.8,53.8,0.0,23.3,42.8
2786,1947-08-19,Toronto,61.0,29.2,22.8,25.8,35.1,26.7,30.5,5.1,5.1,0.0,13.3,23.4
2791,1947-08-24,Toronto,53.0,33.0,20.0,25.4,36.4,21.3,27.8,1.6,1.6,0.0,12.9,30.2
2819,1947-09-21,Toronto,65.0,25.6,13.4,19.3,24.4,9.1,18.5,22.7,22.7,0.0,34.4,73.4
2857,1947-10-29,Toronto,63.0,13.9,11.3,12.9,13.3,9.7,11.9,31.7,31.7,0.0,16.8,32.4
2879,1947-11-20,Toronto,51.0,4.8,-0.6,2.3,2.4,-3.9,-0.7,0.6,0.6,0.0,8.6,12.2
2944,1948-01-24,Toronto,73.0,-13.0,-23.1,-18.4,-19.0,-28.4,-24.0,1.2,0.0,0.84,16.9,32.0
2999,1948-03-19,Toronto,63.0,12.5,-0.5,4.6,8.1,-4.9,0.1,26.1,26.1,0.0,37.1,86.4
3000,1948-03-20,Toronto,51.0,14.9,2.5,8.4,12.9,-1.5,4.7,0.1,0.1,0.0,37.8,70.2
3007,1948-03-27,Toronto,73.0,12.1,-3.2,6.3,10.1,-9.3,2.5,24.0,21.2,1.96,27.9,55.8
3095,1948-06-23,Toronto,63.0,31.4,15.7,21.8,35.3,14.4,23.2,8.6,8.6,0.0,21.3,49.3
3101,1948-06-29,Toronto,61.0,30.1,21.3,24.8,32.5,22.5,26.6,3.5,3.5,0.0,26.9,72.4
3158,1948-08-25,Toronto,0.0,36.8,24.0,29.4,39.6,24.2,30.8,0.0,0.0,0.0,18.6,32.8
3159,1948-08-26,Toronto,0.0,36.3,21.3,28.5,38.9,21.6,29.9,0.0,0.0,0.0,13.3,27.4
3161,1948-08-28,Toronto,1.0,35.6,23.0,28.5,35.8,26.0,30.5,0.0,0.0,0.0,21.7,43.2
3226,1948-11-01,Toronto,53.0,13.8,8.9,11.3,13.4,7.9,10.7,0.7,0.7,0.0,6.0,13.7
3261,1948-12-06,Toronto,51.0,11.6,2.7,6.5,5.8,-4.8,-0.0,0.8,0.8,0.0,34.9,78.1
3287,1949-01-01,Toronto,73.0,-3.2,-4.4,-4.0,-10.7,-12.5,-11.9,10.7,0.0,7.49,39.6,78.5
3305,1949-01-19,Toronto,63.0,11.8,-1.0,4.1,5.0,-8.1,-2.7,13.5,13.5,0.0,51.2,89.6
3312,1949-01-26,Toronto,73.0,-6.6,-10.7,-8.9,-12.5,-16.9,-14.9,8.0,0.0,5.6,20.8,38.5
3314,1949-01-28,Toronto,73.0,7.0,-4.4,0.6,1.3,-10.6,-5.6,12.5,8.8,2.59,38.4,83.9
3317,1949-01-31,Toronto,73.0,-4.7,-14.5,-8.5,-8.4,-19.8,-13.0,3.5,0.0,2.45,14.0,19.8
3450,1949-06-13,Toronto,51.0,30.9,20.5,25.4,31.6,22.1,26.8,0.9,0.9,0.0,25.9,64.1
3452,1949-06-15,Toronto,51.0,30.5,22.4,25.7,29.8,21.5,25.5,0.2,0.2,0.0,30.5,64.8
3458,1949-06-21,Toronto,63.0,31.4,22.6,26.4,31.6,24.1,27.8,3.6,3.6,0.0,27.4,64.8
3471,1949-07-04,Toronto,63.0,31.8,22.5,26.6,33.4,23.0,28.5,4.9,4.9,0.0,25.8,52.9
3495,1949-07-28,Toronto,55.0,32.2,24.8,27.9,34.1,27.2,30.2,1.7,1.7,0.0,23.3,49.7
3496,1949-07-29,Toronto,55.0,33.4,22.9,27.1,37.5,26.3,30.1,1.9,1.9,0.0,19.6,48.6
3530,1949-09-01,Toronto,55.0,18.7,13.1,15.1,18.6,7.9,11.7,3.2,3.2,0.0,35.8,76.0
3534,1949-09-05,Toronto,53.0,27.3,18.4,22.8,27.4,14.2,22.5,1.9,1.9,0.0,30.1,66.2
3557,1949-09-28,Toronto,61.0,16.9,11.2,14.8,16.6,8.8,14.1,24.5,24.5,0.0,16.6,35.3
3653,1950-01-02,Toronto,51.0,5.5,1.8,3.6,3.3,-0.9,1.0,0.4,0.4,0.0,8.4,16.2
3665,1950-01-14,Toronto,51.0,11.7,-1.2,5.4,6.3,-9.9,-1.7,1.9,1.9,0.0,43.2,80.3
3669,1950-01-18,Toronto,71.0,4.9,-6.2,-1.0,-1.4,-13.3,-8.2,1.5,0.4,0.77,41.3,79.9
3677,1950-01-26,Toronto,61.0,14.2,0.5,8.7,9.7,-4.5,4.0,5.4,5.4,0.0,36.3,84.6
3696,1950-02-14,Toronto,75.0,0.6,-3.6,-1.7,-7.3,-11.4,-10.0,37.3,17.2,14.07,43.6,78.5
3697,1950-02-15,Toronto,51.0,4.5,1.0,2.7,-0.0,-6.4,-2.0,1.8,1.8,0.0,35.8,68.0
3703,1950-02-21,Toronto,73.0,-9.8,-20.2,-16.2,-16.7,-25.8,-22.2,3.3,0.0,2.31,25.2,46.1
3744,1950-04-03,Toronto,75.0,11.4,0.3,5.3,9.5,-4.4,2.4,4.3,0.9,2.38,18.4,34.9
3764,1950-04-23,Toronto,71.0,12.0,1.3,6.1,8.4,-1.8,2.4,4.7,4.2,0.35,21.5,43.9
3777,1950-05-06,Toronto,3.0,18.3,9.6,15.9,15.4,8.1,11.6,0.0,0.0,0.0,38.3,71.3
3975,1950-11-20,Toronto,71.0,8.4,1.5,6.3,6.5,-5.3,2.1,20.9,20.4,0.35,35.5,67.0
3980,1950-11-25,Toronto,75.0,7.7,-5.5,2.6,0.3,-11.2,-4.3,29.4,21.2,5.74,47.6,93.6
3981,1950-11-26,Toronto,73.0,7.8,-6.3,-0.9,0.1,-13.3,-8.2,8.0,6.3,1.19,48.5,94.7
3992,1950-12-07,Toronto,61.0,4.9,1.4,3.1,-1.5,-5.7,-3.9,7.5,7.5,0.0,41.4,74.2
4037,1951-01-21,Toronto,71.0,8.7,-9.8,-2.8,4.1,-18.2,-9.5,2.7,2.3,0.28,35.9,72.0
4048,1951-02-01,Toronto,75.0,-5.9,-11.3,-9.4,-11.0,-18.0,-15.4,20.1,0.0,14.07,21.7,39.2
4105,1951-03-30,Toronto,65.0,8.8,6.4,7.5,7.9,2.9,5.3,26.7,26.7,0.0,23.9,60.8
4121,1951-04-15,Toronto,61.0,8.7,3.8,5.8,2.8,-2.6,0.8,6.5,6.5,0.0,39.7,81.0
4286,1951-09-27,Toronto,53.0,19.2,13.3,17.4,16.8,7.3,13.4,1.9,1.9,0.0,36.4,69.8
4296,1951-10-07,Toronto,63.0,14.7,9.0,11.3,12.7,4.5,6.9,31.8,31.8,0.0,36.4,75.6
4327,1951-11-07,Toronto,75.0,4.4,0.2,1.7,1.9,-6.5,-3.7,31.3,10.0,14.91,32.8,60.1
4375,1951-12-25,Toronto,75.0,-1.8,-9.2,-6.4,-5.9,-13.5,-11.1,9.8,0.0,6.86,18.6,32.0
4452,1952-03-11,Toronto,63.0,4.5,2.1,2.9,-1.0,-4.4,-2.1,24.0,24.0,0.0,37.5,76.7
4464,1952-03-23,Toronto,63.0,4.3,-1.0,1.1,-2.3,-8.9,-5.5,5.6,5.6,0.0,38.5,70.2
4559,1952-06-26,Toronto,51.0,31.6,24.7,27.2,32.4,25.5,28.1,0.1,0.1,0.0,29.9,58.7
4584,1952-07-21,Toronto,63.0,31.6,22.8,26.0,34.0,25.7,28.6,8.1,8.1,0.0,23.1,43.6
4586,1952-07-23,Toronto,63.0,29.8,23.6,26.2,30.9,24.7,27.9,9.3,9.3,0.0,29.8,73.1
4894,1953-05-27,Toronto,53.0,14.9,10.5,12.6,12.7,6.5,8.5,1.0,1.0,0.0,37.9,71.6
4989,1953-08-30,Toronto,1.0,33.1,22.3,27.2,29.9,21.8,26.4,0.0,0.0,0.0,29.6,58.0
5009,1953-09-19,Toronto,55.0,23.5,17.7,19.5,21.6,16.1,18.1,4.6,4.6,0.0,26.3,66.2
5132,1954-01-20,Toronto,61.0,4.9,0.1,2.5,2.2,-3.5,-0.7,9.7,9.7,0.0,13.0,21.2
5159,1954-02-16,Toronto,75.0,9.9,-0.5,2.9,8.2,-6.8,-1.9,38.9,19.3,13.72,30.6,56.2
5172,1954-03-01,Toronto,63.0,7.4,2.5,6.0,3.7,-1.5,1.1,35.8,35.8,0.0,42.4,85.7
5175,1954-03-04,Toronto,73.0,-9.6,-14.4,-12.0,-16.9,-22.0,-19.5,1.1,0.0,0.77,32.7,58.7
5196,1954-03-25,Toronto,73.0,12.3,-1.1,2.7,7.5,-6.8,-2.5,15.1,14.3,0.56,39.6,72.4
5199,1954-03-28,Toronto,73.0,8.3,-2.2,1.1,6.4,-7.1,-2.6,2.0,1.5,0.35,13.0,24.1
5218,1954-04-16,Toronto,63.0,12.8,3.8,9.9,12.9,-1.5,6.2,41.5,41.5,0.0,30.9,78.8
5290,1954-06-27,Toronto,3.0,24.4,15.8,18.5,24.2,11.5,14.9,0.0,0.0,0.0,36.2,74.9
5324,1954-07-31,Toronto,63.0,27.8,20.4,23.7,27.2,20.3,23.8,8.2,8.2,0.0,30.0,67.3
5400,1954-10-15,Toronto,65.0,21.9,11.4,17.2,20.2,5.9,15.4,54.2,54.2,0.0,37.8,88.9
5401,1954-10-16,Toronto,65.0,13.3,7.8,10.3,8.7,2.4,5.1,63.8,63.8,0.0,44.0,80.3
5474,1954-12-28,Toronto,73.0,4.4,1.2,2.6,1.7,-2.8,-0.9,13.9,12.9,0.7,20.7,31.3
5482,1955-01-05,Toronto,61.0,1.2,-4.7,-2.5,-3.5,-9.7,-7.8,3.8,3.8,0.0,22.1,43.9
5540,1955-03-04,Toronto,53.0,-0.1,-7.1,-3.3,-4.1,-14.3,-8.5,2.3,2.3,0.0,26.9,49.3
5548,1955-03-12,Toronto,53.0,1.4,-6.2,-3.1,-2.2,-12.5,-8.3,1.1,1.1,0.0,23.7,72.7
5558,1955-03-22,Toronto,63.0,5.5,-0.8,1.9,0.5,-9.1,-3.5,15.6,15.6,0.0,41.6,76.7
5560,1955-03-24,Toronto,51.0,2.9,-2.9,-0.6,-3.2,-7.5,-5.6,0.1,0.1,0.0,34.5,65.9
5581,1955-04-14,Toronto,63.0,14.0,8.4,10.4,13.2,5.5,8.6,26.6,26.6,0.0,16.2,31.0
5685,1955-07-27,Toronto,63.0,32.9,23.5,26.8,38.2,25.5,29.8,9.2,9.2,0.0,14.6,35.6
5702,1955-08-13,Toronto,65.0,23.5,20.2,21.3,25.2,16.6,19.2,32.9,32.9,0.0,43.8,83.2
5703,1955-08-14,Toronto,63.0,23.0,19.5,21.1,23.3,17.3,20.0,32.1,32.1,0.0,43.3,78.8
5756,1955-10-06,Toronto,63.0,20.1,15.3,17.7,20.9,13.1,17.3,53.1,53.1,0.0,25.9,47.5
5798,1955-11-17,Toronto,71.0,5.0,-3.7,-0.2,-3.0,-13.6,-9.2,0.4,0.0,0.28,49.3,90.7
5832,1955-12-21,Toronto,71.0,-10.2,-19.6,-16.3,-14.4,-25.1,-21.3,0.3,0.0,0.21,11.9,20.2
5904,1956-03-02,Toronto,55.0,4.6,1.7,3.3,-0.8,-3.6,-2.1,2.8,2.8,0.0,30.0,77.0
5913,1956-03-11,Toronto,71.0,6.0,-4.2,-0.3,-2.1,-10.3,-7.3,0.6,0.5,0.07,46.2,91.1
5954,1956-04-21,Toronto,73.0,10.5,-4.1,1.6,5.1,-8.1,-3.1,2.6,0.9,1.19,25.4,46.4
5969,1956-05-06,Toronto,63.0,11.1,6.7,8.1,9.0,3.9,5.8,11.7,11.7,0.0,11.2,19.1
6237,1957-01-29,Toronto,73.0,-2.2,-5.5,-3.8,-6.1,-9.2,-7.6,8.1,0.0,5.67,10.3,18.4
6253,1957-02-14,Toronto,75.0,0.2,-2.4,-1.2,-4.1,-6.6,-5.3,16.8,0.0,11.76,15.9,28.4
6263,1957-02-24,Toronto,51.0,-1.1,-10.4,-6.0,-4.7,-14.8,-10.4,0.3,0.3,0.0,12.2,24.5
6296,1957-03-29,Toronto,71.0,5.4,-3.1,1.0,3.0,-6.7,-2.0,1.3,1.1,0.14,9.5,19.8
6388,1957-06-29,Toronto,63.0,20.7,16.0,18.2,21.4,11.5,15.8,27.3,27.3,0.0,39.8,88.2
6450,1957-08-30,Toronto,51.0,21.5,16.5,18.6,23.1,17.5,19.8,1.1,1.1,0.0,7.3,15.8
6505,1957-10-24,Toronto,63.0,14.3,5.4,12.3,12.8,-1.0,9.8,32.4,32.4,0.0,32.5,60.1
6521,1957-11-09,Toronto,71.0,8.2,0.4,2.6,1.2,-7.7,-5.4,0.9,0.3,0.42,39.9,79.2
6568,1957-12-26,Toronto,63.0,4.9,1.9,3.8,1.2,-3.2,-1.1,20.2,20.2,0.0,23.1,43.2
6600,1958-01-27,Toronto,73.0,2.1,-0.1,0.7,-0.8,-3.5,-2.5,4.5,0.8,2.59,9.2,15.1
6614,1958-02-10,Toronto,71.0,-11.0,-17.4,-15.0,-17.3,-24.8,-22.0,1.1,0.0,0.77,29.4,52.2
6620,1958-02-16,Toronto,73.0,-10.1,-18.2,-14.8,-16.1,-26.6,-22.1,1.8,0.0,1.26,31.6,58.3
6621,1958-02-17,Toronto,71.0,-18.4,-22.3,-20.5,-26.8,-31.3,-29.0,2.9,0.0,2.03,34.5,62.6
6622,1958-02-18,Toronto,71.0,-14.2,-22.8,-19.8,-21.6,-30.0,-26.9,0.5,0.0,0.35,25.2,46.4
6628,1958-02-24,Toronto,55.0,1.8,-5.6,-1.5,-2.3,-9.3,-5.5,1.5,1.5,0.0,17.4,56.2
6687,1958-04-24,Toronto,51.0,19.4,5.7,10.1,16.4,0.9,6.5,0.6,0.6,0.0,38.1,72.7
6740,1958-06-16,Toronto,3.0,17.2,10.1,13.6,10.9,5.6,8.4,0.0,0.0,0.0,38.3,72.4
6895,1958-11-18,Toronto,53.0,17.9,12.2,14.4,14.8,8.6,12.8,3.6,3.6,0.0,34.4,81.4
6952,1959-01-14,Toronto,51.0,-1.9,-11.2,-6.9,-6.5,-15.5,-11.3,0.6,0.6,0.0,14.9,27.4
6960,1959-01-22,Toronto,71.0,8.7,-10.5,-3.4,3.6,-18.3,-10.7,6.7,6.5,0.14,40.6,76.0
6962,1959-01-24,Toronto,75.0,-7.7,-20.0,-16.3,-12.2,-25.5,-21.8,7.2,0.0,5.04,15.0,27.0
6967,1959-01-29,Toronto,51.0,-2.4,-10.4,-6.5,-6.0,-15.3,-10.8,0.1,0.1,0.0,11.0,20.5
6983,1959-02-14,Toronto,61.0,-1.4,-8.7,-5.3,-5.8,-13.2,-9.9,6.1,6.1,0.0,17.7,32.0
7012,1959-03-15,Toronto,55.0,7.4,-2.5,0.3,0.7,-8.3,-5.8,6.6,6.6,0.0,50.6,92.9
7013,1959-03-16,Toronto,71.0,1.0,-3.8,-2.1,-8.8,-11.6,-10.1,0.2,0.0,0.14,50.8,91.1
7018,1959-03-21,Toronto,53.0,2.6,-3.5,0.1,-0.7,-10.7,-4.2,2.4,2.4,0.0,30.4,56.2
7056,1959-04-28,Toronto,63.0,8.4,3.4,5.0,3.5,-2.0,-0.0,21.8,21.8,0.0,30.7,70.9
7102,1959-06-13,Toronto,61.0,22.3,14.1,16.3,23.4,7.8,13.6,1.3,1.3,0.0,32.7,60.5
7242,1959-10-31,Toronto,61.0,8.6,7.2,8.2,7.4,5.4,6.1,7.6,7.6,0.0,13.4,24.8
7316,1960-01-13,Toronto,63.0,0.8,-2.0,-0.3,-4.1,-7.8,-5.6,15.7,15.7,0.0,24.2,45.0
7348,1960-02-14,Toronto,73.0,-8.1,-11.2,-10.0,-13.8,-18.8,-17.0,3.9,0.0,2.73,31.1,55.8
7437,1960-05-13,Toronto,53.0,10.4,6.7,8.2,9.1,3.9,6.3,7.1,7.1,0.0,11.7,17.6
7695,1961-01-26,Toronto,73.0,-9.5,-15.0,-12.7,-14.6,-20.3,-17.7,3.4,0.0,2.38,13.9,24.1
7703,1961-02-03,Toronto,73.0,-11.1,-18.8,-16.6,-18.3,-25.3,-23.1,2.1,0.0,1.47,24.9,44.6
7815,1961-05-26,Toronto,71.0,14.8,3.1,7.2,11.8,-2.5,2.1,15.9,15.6,0.21,27.7,59.8
7828,1961-06-08,Toronto,53.0,19.9,12.7,15.7,22.8,11.6,16.4,4.9,4.9,0.0,10.4,19.4
7926,1961-09-14,Toronto,53.0,26.1,21.3,24.2,28.0,20.7,24.4,1.5,1.5,0.0,39.9,76.0
8076,1962-02-11,Toronto,71.0,-13.0,-21.8,-18.0,-18.6,-27.5,-23.5,0.4,0.0,0.28,13.7,28.4
8089,1962-02-24,Toronto,75.0,-4.7,-9.4,-7.1,-9.9,-16.8,-13.5,16.6,0.0,11.62,28.5,52.2
8190,1962-06-05,Toronto,61.0,18.6,13.0,15.7,18.8,12.0,15.1,4.6,4.6,0.0,10.6,16.2
8253,1962-08-07,Toronto,63.0,27.0,18.6,22.3,29.7,19.7,24.3,34.6,34.6,0.0,12.4,29.5
8312,1962-10-05,Toronto,63.0,16.9,15.6,16.4,16.8,14.8,15.6,35.5,35.5,0.0,20.2,42.1
8348,1962-11-10,Toronto,63.0,7.8,6.4,7.0,3.7,0.8,1.9,55.6,55.6,0.0,33.2,64.8
8374,1962-12-06,Toronto,63.0,5.9,4.8,5.4,1.8,0.1,1.1,22.5,22.5,0.0,23.8,47.9
8402,1963-01-03,Toronto,71.0,-2.2,-9.0,-5.6,-6.0,-13.2,-9.7,1.0,0.0,0.7,7.9,14.8
8423,1963-01-24,Toronto,3.0,-17.0,-22.4,-20.1,-23.5,-30.0,-27.7,0.0,0.0,0.0,28.9,50.8
8426,1963-01-27,Toronto,73.0,-8.0,-12.5,-9.8,-13.5,-20.3,-16.2,6.1,0.0,4.27,28.0,57.2
8440,1963-02-10,Toronto,71.0,-3.2,-11.3,-8.5,-7.2,-15.9,-12.7,1.4,0.0,0.98,7.6,16.2
8477,1963-03-19,Toronto,51.0,-5.1,-12.1,-9.0,-11.6,-17.5,-14.9,0.2,0.2,0.0,31.5,54.4
8488,1963-03-30,Toronto,61.0,16.3,3.7,10.6,12.6,0.5,7.0,3.8,3.8,0.0,23.8,72.0
8493,1963-04-04,Toronto,71.0,12.6,-1.6,5.1,9.1,-10.8,-1.8,0.8,0.7,0.07,47.5,84.6
8520,1963-05-01,Toronto,73.0,8.2,-1.1,2.2,2.9,-8.8,-4.7,5.3,2.6,1.89,35.2,70.9
8615,1963-08-04,Toronto,2.0,23.1,18.8,20.7,24.0,16.2,19.2,0.0,0.0,0.0,29.8,67.3
8713,1963-11-10,Toronto,53.0,13.2,8.0,9.5,12.0,5.7,7.6,1.9,1.9,0.0,10.2,19.8
8726,1963-11-23,Toronto,61.0,14.1,4.9,10.8,9.4,-1.0,5.7,6.6,6.6,0.0,36.9,86.4
8829,1964-03-05,Toronto,63.0,8.4,0.7,5.0,4.4,-6.3,-0.6,19.3,19.3,0.0,41.4,83.5
8849,1964-03-25,Toronto,75.0,9.7,0.2,3.8,6.2,-3.8,0.5,14.3,7.5,4.76,13.7,39.2
8894,1964-05-09,Toronto,55.0,18.9,15.0,16.8,17.2,8.0,13.1,2.2,2.2,0.0,44.7,85.7
8959,1964-07-13,Toronto,63.0,20.6,17.9,18.7,21.0,15.0,17.1,43.9,43.9,0.0,38.1,67.0
8980,1964-08-03,Toronto,65.0,21.4,17.4,19.3,22.6,15.4,18.1,46.3,46.3,0.0,27.4,52.9
8999,1964-08-22,Toronto,63.0,22.8,15.1,18.5,24.4,12.3,19.3,42.2,42.2,0.0,26.6,64.4
9035,1964-09-27,Toronto,55.0,19.5,12.5,17.3,16.4,8.0,13.5,4.4,4.4,0.0,30.3,76.0
9113,1964-12-14,Toronto,51.0,2.2,-2.3,-0.2,-2.9,-9.0,-6.5,0.1,0.1,0.0,38.1,66.6
9125,1964-12-26,Toronto,61.0,4.9,-0.3,2.8,2.2,-3.7,-0.2,3.6,3.6,0.0,11.5,22.0
9145,1965-01-15,Toronto,71.0,-13.2,-19.0,-17.2,-20.4,-25.0,-23.3,0.9,0.0,0.63,23.7,46.4
9146,1965-01-16,Toronto,71.0,-15.8,-22.1,-19.2,-22.3,-29.2,-26.1,0.4,0.0,0.28,23.8,43.9
9159,1965-01-29,Toronto,71.0,-15.4,-20.3,-17.5,-20.9,-26.7,-23.8,0.3,0.0,0.21,22.7,42.5
9168,1965-02-07,Toronto,61.0,4.2,1.1,2.1,1.4,-2.4,-1.1,4.8,4.8,0.0,12.1,19.4
9186,1965-02-25,Toronto,75.0,1.4,-4.1,-0.7,-1.0,-11.4,-5.8,35.2,9.7,17.85,30.1,67.7
9187,1965-02-26,Toronto,73.0,-5.8,-14.7,-11.7,-13.6,-21.4,-18.7,2.7,0.0,1.89,34.1,78.8
9235,1965-04-15,Toronto,55.0,7.1,2.1,4.6,4.7,-1.5,1.2,6.1,6.1,0.0,17.6,22.3
9313,1965-07-02,Toronto,51.0,26.2,17.0,21.3,23.1,15.7,18.7,0.5,0.5,0.0,34.4,68.0
9388,1965-09-15,Toronto,61.0,23.2,18.3,20.3,22.1,17.3,19.7,8.4,8.4,0.0,26.2,77.0
9498,1966-01-03,Toronto,53.0,7.0,0.2,3.3,3.4,-6.9,-2.2,1.1,1.1,0.0,34.4,72.0
9518,1966-01-23,Toronto,75.0,-0.3,-1.3,-0.8,-4.8,-6.3,-5.6,22.5,0.0,15.75,23.5,44.6
9525,1966-01-30,Toronto,73.0,-8.5,-12.8,-10.8,-13.8,-19.5,-17.4,3.2,0.0,2.24,38.9,73.1
9526,1966-01-31,Toronto,71.0,-8.2,-12.2,-10.8,-15.7,-21.5,-19.4,1.1,0.0,0.77,41.8,78.1
9578,1966-03-24,Toronto,75.0,11.4,0.3,4.2,9.4,-3.9,0.5,11.8,3.7,5.67,18.2,59.0
9618,1966-05-03,Toronto,61.0,7.4,2.1,4.9,2.2,-2.2,0.0,2.6,2.6,0.0,31.9,80.6
9839,1966-12-10,Toronto,73.0,4.8,0.8,2.9,0.7,-4.3,-1.7,23.5,22.6,0.63,21.0,40.7
9887,1967-01-27,Toronto,75.0,5.6,-2.9,1.0,2.6,-9.8,-4.9,32.0,24.4,5.32,37.3,69.1
9907,1967-02-16,Toronto,73.0,6.6,-15.0,-5.2,2.9,-23.5,-11.7,10.7,9.6,0.77,38.4,77.4
9916,1967-02-25,Toronto,71.0,-11.6,-17.0,-14.4,-19.9,-25.7,-22.6,0.7,0.0,0.49,35.1,66.6
9984,1967-05-04,Toronto,71.0,8.3,2.3,4.9,5.3,-1.2,1.5,0.5,0.3,0.14,12.3,27.4
10033,1967-06-22,Toronto,63.0,23.3,15.7,19.1,24.6,13.1,19.0,43.1,43.1,0.0,25.2,44.3
10131,1967-09-28,Toronto,63.0,8.7,6.6,7.7,5.5,1.8,3.5,47.2,47.2,0.0,26.0,46.8
10152,1967-10-19,Toronto,71.0,9.3,3.5,5.4,5.1,-3.2,-0.9,4.6,4.4,0.14,35.3,67.3
10233,1968-01-08,Toronto,71.0,-15.6,-26.2,-21.3,-20.9,-32.2,-27.1,0.2,0.0,0.14,18.4,28.8
10278,1968-02-22,Toronto,71.0,-9.8,-18.3,-14.3,-17.0,-24.9,-21.6,1.0,0.0,0.7,32.6,59.4
10309,1968-03-24,Toronto,73.0,-0.9,-8.7,-4.1,-6.5,-16.2,-11.0,3.4,0.0,2.38,34.1,71.6
10559,1968-11-29,Toronto,73.0,10.1,-1.6,2.8,8.4,-6.9,-1.6,9.0,5.6,2.38,22.8,61.9
10565,1968-12-05,Toronto,71.0,2.2,-2.0,1.1,-3.2,-9.0,-5.1,1.4,0.5,0.63,34.2,74.2
10575,1968-12-15,Toronto,2.0,-6.9,-14.5,-11.3,-14.1,-23.4,-19.7,0.0,0.0,0.0,36.7,72.4
10699,1969-04-18,Toronto,63.0,7.9,2.4,4.6,5.6,-2.8,0.4,29.1,29.1,0.0,23.4,45.0
10719,1969-05-08,Toronto,63.0,17.4,9.3,12.0,14.9,7.8,9.8,16.3,16.3,0.0,36.1,73.4
10878,1969-10-14,Toronto,53.0,21.7,9.5,12.5,19.8,4.9,8.7,2.5,2.5,0.0,26.9,68.8
10897,1969-11-02,Toronto,63.0,12.1,11.4,11.7,11.8,8.1,9.7,32.8,32.8,0.0,22.0,39.2
10914,1969-11-19,Toronto,73.0,11.5,2.4,9.1,8.6,-2.9,4.5,23.1,22.4,0.49,35.0,71.6
10968,1970-01-12,Toronto,73.0,-4.8,-7.2,-5.9,-8.5,-11.3,-9.8,6.6,0.0,4.62,9.0,18.4
10977,1970-01-21,Toronto,71.0,-11.1,-22.4,-17.4,-17.2,-29.2,-24.3,1.0,0.0,0.77,26.0,47.9
11019,1970-03-04,Toronto,55.0,2.9,-0.3,0.7,0.2,-6.0,-3.4,10.1,10.1,0.0,23.8,42.8
11157,1970-07-20,Toronto,63.0,20.1,17.2,19.0,21.3,17.1,19.9,42.0,42.0,0.0,15.9,40.7
11198,1970-08-30,Toronto,63.0,26.5,15.9,19.7,27.4,15.6,19.9,20.4,20.4,0.0,27.5,58.3
11292,1970-12-02,Toronto,61.0,12.6,6.1,9.2,9.3,0.8,4.7,2.9,2.9,0.0,27.6,72.4
11294,1970-12-04,Toronto,75.0,9.7,-4.9,1.0,8.4,-12.4,-4.6,21.9,17.1,3.36,37.8,60.1
11348,1971-01-27,Toronto,73.0,-15.0,-21.5,-18.4,-23.5,-30.7,-27.4,1.7,0.0,1.19,43.0,86.0
11349,1971-01-28,Toronto,71.0,-12.6,-16.9,-15.4,-20.2,-24.2,-22.2,0.5,0.0,0.35,31.0,55.8
11355,1971-02-03,Toronto,71.0,-7.4,-21.3,-15.4,-11.8,-26.7,-20.4,0.4,0.0,0.28,11.2,18.0
11366,1971-02-14,Toronto,3.0,-8.0,-15.4,-11.9,-13.7,-23.2,-19.5,0.0,0.0,0.0,39.6,71.3
11374,1971-02-22,Toronto,53.0,0.7,-6.8,-4.3,-5.8,-11.7,-9.7,1.0,1.0,0.0,29.5,59.4
11384,1971-03-04,Toronto,71.0,-5.7,-10.6,-7.8,-12.1,-19.8,-16.0,2.3,0.0,1.61,44.1,79.6
11435,1971-04-24,Toronto,71.0,9.7,2.5,5.1,6.2,-2.6,0.4,4.0,3.9,0.07,27.0,56.5
11508,1971-07-06,Toronto,63.0,26.0,17.8,21.6,26.6,17.4,22.3,36.1,36.1,0.0,21.3,49.0
11627,1971-11-02,Toronto,55.0,18.0,11.3,15.0,16.3,9.1,12.9,1.6,1.6,0.0,27.5,83.5
11666,1971-12-11,Toronto,61.0,12.9,4.2,7.7,9.3,-2.3,2.4,4.2,4.2,0.0,39.5,92.9
11670,1971-12-15,Toronto,71.0,12.1,1.5,5.1,9.4,-3.1,0.6,14.5,14.4,0.07,28.7,74.5
11737,1972-02-20,Toronto,71.0,-9.9,-22.8,-17.8,-19.0,-32.0,-26.4,0.5,0.0,0.35,44.4,81.0
11753,1972-03-07,Toronto,73.0,5.8,-8.0,-0.2,-0.7,-14.1,-6.8,1.9,0.3,1.12,35.7,69.5
11776,1972-03-30,Toronto,55.0,2.2,-1.7,0.9,-1.7,-8.0,-4.5,3.8,3.8,0.0,26.3,48.6
11787,1972-04-10,Toronto,71.0,8.4,-3.2,1.5,4.5,-7.6,-2.3,0.5,0.0,0.35,11.8,27.0
11861,1972-06-23,Toronto,61.0,19.7,12.3,15.6,17.5,8.4,12.5,7.7,7.7,0.0,33.7,76.7
11966,1972-10-06,Toronto,63.0,16.3,14.6,15.7,16.6,14.4,15.6,23.4,23.4,0.0,12.9,27.7
12030,1972-12-09,Toronto,51.0,1.8,0.2,1.1,-1.0,-3.5,-1.9,0.8,0.8,0.0,10.2,17.3
12128,1973-03-17,Toronto,75.0,4.4,0.2,2.8,0.9,-4.9,-2.3,38.6,32.4,4.34,29.6,56.2
12129,1973-03-18,Toronto,75.0,-0.6,-5.9,-3.9,-6.4,-14.2,-11.6,13.5,0.0,9.45,37.5,78.1
12141,1973-03-30,Toronto,55.0,9.3,4.9,6.7,6.8,1.9,4.3,10.1,10.1,0.0,13.8,28.8
12145,1973-04-03,Toronto,73.0,4.8,0.6,2.5,3.0,-2.6,-0.2,10.0,8.2,1.26,11.6,18.7
12291,1973-08-27,Toronto,65.0,29.2,21.3,24.7,34.5,24.2,28.4,22.8,22.8,0.0,21.4,33.1
12354,1973-10-29,Toronto,61.0,9.9,8.2,9.1,5.1,2.3,3.6,24.3,24.3,0.0,36.2,68.0
12355,1973-10-30,Toronto,63.0,9.9,8.9,9.4,7.1,4.0,5.4,34.1,34.1,0.0,32.2,66.6
12375,1973-11-19,Toronto,51.0,4.6,2.3,3.4,2.2,-1.0,0.6,1.7,1.7,0.0,9.8,19.4
12406,1973-12-20,Toronto,75.0,0.3,-5.0,-2.4,-3.5,-11.0,-7.5,27.1,0.1,18.9,24.7,39.2
12437,1974-01-20,Toronto,61.0,-0.4,-10.2,-5.0,-6.5,-14.8,-11.0,9.7,9.7,0.0,29.6,50.8
12448,1974-01-31,Toronto,71.0,6.3,-5.3,3.1,-0.4,-12.6,-3.4,0.6,0.5,0.07,39.8,73.1
12471,1974-02-23,Toronto,71.0,3.2,-10.6,-6.1,-2.8,-17.7,-13.3,0.6,0.3,0.21,35.3,76.0
12493,1974-03-17,Toronto,71.0,-0.8,-5.6,-3.1,-6.7,-14.1,-10.9,1.0,0.0,0.77,39.0,76.3
12511,1974-04-04,Toronto,63.0,15.5,5.8,10.7,13.4,1.4,7.6,21.8,21.8,0.0,31.3,78.1
12512,1974-04-05,Toronto,71.0,12.4,2.4,5.4,7.5,-2.4,1.1,0.8,0.7,0.07,23.0,45.0
12549,1974-05-12,Toronto,63.0,13.3,7.5,11.5,12.3,3.6,9.8,31.0,31.0,0.0,20.1,34.2
12601,1974-07-03,Toronto,65.0,29.0,19.9,23.8,32.5,21.0,25.7,43.2,43.2,0.0,26.6,45.0
12733,1974-11-12,Toronto,61.0,11.9,7.1,9.5,9.8,4.6,7.4,16.1,16.1,0.0,13.4,24.8
12741,1974-11-20,Toronto,63.0,10.5,8.1,9.0,10.0,5.9,7.4,14.3,14.3,0.0,13.4,26.6
12763,1974-12-12,Toronto,73.0,4.4,1.2,2.4,1.6,-2.4,-0.8,6.0,3.5,1.75,10.5,19.1
12772,1974-12-21,Toronto,71.0,1.7,-2.6,-0.3,-1.6,-6.3,-3.7,1.5,0.4,0.77,8.4,11.5
12839,1975-02-26,Toronto,71.0,2.0,-0.3,0.8,-4.9,-8.4,-6.5,1.8,0.6,0.84,40.5,74.2
12865,1975-03-24,Toronto,55.0,2.7,-1.3,0.3,-1.0,-8.6,-5.3,5.7,5.7,0.0,33.2,61.2
12875,1975-04-03,Toronto,75.0,-0.6,-3.8,-2.1,-6.1,-13.0,-9.4,39.6,5.1,24.15,45.5,82.1
12876,1975-04-04,Toronto,73.0,-4.1,-8.8,-6.6,-13.0,-17.6,-15.1,4.1,0.0,2.87,40.3,75.6
12995,1975-08-01,Toronto,51.0,31.6,23.6,28.0,36.4,27.5,32.3,0.3,0.3,0.0,8.6,22.0
13075,1975-10-20,Toronto,63.0,13.2,9.6,11.3,11.0,6.6,8.9,27.3,27.3,0.0,18.5,34.2
13096,1975-11-10,Toronto,63.0,16.2,10.0,13.1,13.2,2.2,9.8,13.7,13.7,0.0,43.1,81.4
13116,1975-11-30,Toronto,61.0,12.5,5.8,9.7,7.9,1.9,5.1,8.6,8.6,0.0,33.5,85.3
13170,1976-01-23,Toronto,73.0,-14.6,-25.2,-21.3,-20.5,-30.4,-27.1,2.3,0.0,1.61,23.4,36.4
13194,1976-02-16,Toronto,71.0,8.3,-0.2,3.2,2.9,-4.5,-1.2,0.1,0.0,0.07,32.3,61.6
13199,1976-02-21,Toronto,75.0,0.9,-3.3,-1.1,-2.3,-6.9,-4.9,18.9,3.6,10.71,17.4,29.5
13210,1976-03-03,Toronto,61.0,-0.3,-7.2,-4.2,-3.9,-13.8,-9.2,9.4,9.4,0.0,23.2,41.8
13211,1976-03-04,Toronto,61.0,1.6,-0.8,0.4,-2.3,-4.4,-3.3,9.4,9.4,0.0,14.8,29.2
13226,1976-03-19,Toronto,71.0,11.1,-0.5,4.1,6.9,-4.6,-0.0,0.9,0.2,0.49,22.3,39.6
13235,1976-03-28,Toronto,71.0,8.5,-0.6,3.0,3.3,-6.5,-2.3,0.8,0.7,0.07,31.5,64.8
13249,1976-04-11,Toronto,71.0,10.7,-4.5,0.7,4.9,-12.7,-6.1,0.7,0.6,0.07,32.6,65.5
13274,1976-05-06,Toronto,61.0,17.2,5.5,9.3,13.1,2.2,5.8,16.0,16.0,0.0,32.4,68.8
13358,1976-07-29,Toronto,63.0,20.8,19.2,19.9,22.3,18.6,20.1,44.4,44.4,0.0,22.0,50.0
13441,1976-10-20,Toronto,53.0,8.9,5.1,6.7,6.3,1.8,4.2,10.0,10.0,0.0,12.7,24.5
13523,1977-01-10,Toronto,75.0,-7.5,-15.8,-11.8,-11.7,-23.5,-19.2,17.0,0.0,11.9,40.0,69.8
13527,1977-01-14,Toronto,73.0,-5.9,-12.0,-9.3,-9.7,-17.4,-13.6,2.2,0.0,1.54,12.8,19.8
13541,1977-01-28,Toronto,73.0,-9.7,-17.3,-14.7,-17.3,-23.4,-21.3,2.5,0.0,1.75,41.9,74.5
13542,1977-01-29,Toronto,71.0,-14.1,-18.1,-16.2,-21.4,-25.4,-23.7,0.4,0.0,0.28,30.1,54.0
13608,1977-04-05,Toronto,61.0,6.9,0.8,4.3,2.4,-6.4,-1.7,4.4,4.4,0.0,39.2,77.4
13626,1977-04-23,Toronto,63.0,11.9,6.8,8.4,10.0,3.5,5.4,27.9,27.9,0.0,17.8,31.7
13641,1977-05-08,Toronto,51.0,12.3,2.2,6.1,6.8,-1.8,0.9,0.4,0.4,0.0,36.0,77.4
13700,1977-07-06,Toronto,65.0,24.4,17.0,20.9,28.7,16.2,23.0,24.3,24.3,0.0,20.5,62.6
13735,1977-08-10,Toronto,65.0,25.2,19.7,21.6,27.2,19.6,22.8,33.1,33.1,0.0,23.7,60.5
13781,1977-09-25,Toronto,65.0,20.5,14.3,16.3,20.8,11.1,15.1,29.7,29.7,0.0,35.1,77.8
13782,1977-09-26,Toronto,63.0,19.6,16.1,17.5,19.6,14.4,16.7,18.8,18.8,0.0,28.1,78.5
13853,1977-12-06,Toronto,75.0,-3.6,-5.9,-4.9,-10.0,-12.3,-11.4,16.6,0.0,11.62,33.4,66.2
13861,1977-12-14,Toronto,61.0,4.2,2.3,3.2,2.3,-1.4,0.2,18.0,18.0,0.0,14.9,26.6
13888,1978-01-10,Toronto,71.0,-10.5,-17.0,-13.9,-19.0,-24.5,-21.9,1.8,0.0,1.26,37.2,69.1
13898,1978-01-20,Toronto,75.0,-6.9,-10.8,-9.0,-12.3,-18.2,-15.8,7.9,0.0,5.53,26.8,48.6
13904,1978-01-26,Toronto,73.0,2.6,-10.6,-2.3,-2.4,-20.7,-9.8,18.7,13.8,3.43,49.0,90.7
13905,1978-01-27,Toronto,73.0,-5.9,-9.8,-7.6,-12.8,-19.1,-15.1,3.6,0.0,2.52,39.6,79.9
13911,1978-02-02,Toronto,71.0,-6.5,-11.2,-9.5,-10.4,-15.7,-13.7,1.3,0.0,0.91,7.4,14.8
14243,1978-12-31,Toronto,53.0,3.4,1.4,2.0,0.5,-1.6,-0.8,6.7,6.7,0.0,11.9,20.2
14284,1979-02-10,Toronto,71.0,-14.4,-21.7,-18.1,-20.6,-26.7,-23.3,0.0,0.0,0.28,16.2,30.6
14287,1979-02-13,Toronto,71.0,-13.8,-20.3,-17.6,-19.0,-26.2,-23.3,0.0,0.0,0.14,17.4,29.5
14288,1979-02-14,Toronto,71.0,-16.5,-22.5,-19.6,-21.8,-27.7,-25.0,1.3,0.0,1.12,14.1,25.6
14289,1979-02-15,Toronto,71.0,-14.8,-17.6,-16.3,-21.3,-24.1,-22.4,0.0,0.0,0.07,20.0,37.1
14316,1979-03-14,Toronto,53.0,7.5,-2.8,3.2,1.0,-9.8,-3.2,2.0,2.0,0.0,31.3,78.8
14339,1979-04-06,Toronto,73.0,3.1,-5.1,-1.4,-2.2,-15.0,-9.9,5.5,3.0,2.03,55.9,100.4
14347,1979-04-14,Toronto,71.0,9.4,1.8,4.0,6.4,-3.3,-0.4,22.6,22.5,0.07,24.2,60.1
14500,1979-09-14,Toronto,63.0,22.4,15.2,18.6,23.7,12.1,18.2,34.4,34.4,0.0,29.8,57.6
14573,1979-11-26,Toronto,63.0,14.0,7.1,10.6,12.3,0.6,6.8,37.9,37.9,0.0,39.5,68.8
14582,1979-12-05,Toronto,71.0,9.4,0.0,3.8,2.6,-4.6,-1.8,0.4,0.1,0.21,36.9,69.5
14619,1980-01-11,Toronto,61.0,8.6,-0.3,4.5,2.5,-5.6,-1.3,14.7,14.7,0.0,38.4,89.3
14620,1980-01-12,Toronto,51.0,6.1,-9.9,-5.1,-0.5,-19.3,-13.7,0.3,0.3,0.0,41.1,73.1
14679,1980-03-11,Toronto,51.0,3.2,-8.9,-5.5,-2.3,-17.2,-12.8,0.8,0.8,0.0,36.2,71.6
14689,1980-03-21,Toronto,75.0,6.6,0.8,3.4,3.6,-7.3,-0.9,38.5,37.1,0.98,39.7,79.6
14690,1980-03-22,Toronto,75.0,0.2,-3.6,-1.7,-6.7,-11.8,-9.7,7.9,0.1,5.88,46.4,88.6
14760,1980-05-31,Toronto,53.0,22.4,16.8,19.1,21.8,15.0,17.8,2.5,2.5,0.0,31.0,75.6
14762,1980-06-02,Toronto,63.0,18.3,9.9,12.8,20.0,7.8,12.3,21.7,21.7,0.0,15.3,67.3
14780,1980-06-20,Toronto,63.0,15.8,10.5,13.0,15.3,4.6,9.1,29.3,29.3,0.0,41.3,78.5
14853,1980-09-01,Toronto,65.0,26.6,21.3,23.3,28.8,22.4,25.4,31.6,31.6,0.0,21.0,60.8
14869,1980-09-17,Toronto,61.0,19.9,12.8,17.5,19.5,8.9,16.0,6.6,6.6,0.0,33.4,79.6
14907,1980-10-25,Toronto,63.0,10.1,6.0,8.7,5.8,3.1,5.0,37.8,37.8,0.0,22.6,40.0
14908,1980-10-26,Toronto,63.0,6.4,4.2,5.1,1.6,-3.0,-1.5,8.9,8.9,0.0,41.0,81.7
14946,1980-12-03,Toronto,75.0,5.0,-9.9,-6.0,1.4,-18.4,-14.0,7.5,1.2,4.41,48.2,96.5
15016,1981-02-11,Toronto,75.0,6.0,-8.4,2.3,1.1,-15.8,-3.4,27.3,19.0,5.88,34.6,64.1
15068,1981-04-04,Toronto,51.0,18.8,11.5,14.7,14.1,6.6,9.6,0.6,0.6,0.0,38.8,77.0
15121,1981-05-27,Toronto,61.0,18.6,12.5,14.6,19.7,11.3,14.4,6.0,6.0,0.0,10.4,22.3
15122,1981-05-28,Toronto,63.0,16.9,12.9,14.4,18.4,12.4,14.3,18.7,18.7,0.0,13.8,27.0
15213,1981-08-27,Toronto,51.0,22.5,17.2,20.0,23.9,18.4,21.0,0.1,0.1,0.0,8.1,14.8
15254,1981-10-07,Toronto,51.0,11.7,7.2,8.9,6.6,1.2,3.0,3.7,3.7,0.0,41.0,75.2
15268,1981-10-21,Toronto,71.0,12.9,3.5,7.2,9.2,-0.5,3.7,5.9,5.8,0.07,21.9,45.7
15284,1981-11-06,Toronto,71.0,13.0,2.9,8.8,11.3,-3.7,5.0,2.4,2.3,0.07,30.9,60.1
15344,1982-01-05,Toronto,71.0,-0.1,-5.8,-3.1,-6.7,-14.4,-10.6,0.4,0.0,0.42,40.6,79.2
15349,1982-01-10,Toronto,71.0,-15.6,-22.2,-18.9,-21.8,-29.2,-26.2,0.1,0.0,0.14,37.9,70.9
15350,1982-01-11,Toronto,73.0,-13.1,-20.9,-16.9,-20.8,-29.9,-25.2,1.1,0.0,1.12,39.5,78.5
15356,1982-01-17,Toronto,71.0,-16.6,-26.6,-23.2,-24.4,-34.1,-30.6,0.0,0.0,0.14,26.6,58.7
15371,1982-02-01,Toronto,75.0,-6.2,-12.8,-8.9,-10.4,-19.8,-14.8,9.2,4.1,3.64,30.7,58.0
15375,1982-02-05,Toronto,73.0,-10.0,-18.1,-14.7,-14.4,-23.2,-19.8,1.6,0.0,1.26,13.0,25.6
15379,1982-02-09,Toronto,73.0,-5.0,-8.8,-7.3,-9.7,-13.1,-11.6,3.1,0.0,2.38,12.5,19.8
15576,1982-08-25,Toronto,63.0,20.9,16.3,19.2,22.2,11.8,18.0,21.5,21.5,0.0,39.7,70.6
15585,1982-09-03,Toronto,2.0,20.3,14.5,17.0,20.0,11.9,14.1,0.0,0.0,0.0,31.1,67.3
15632,1982-10-20,Toronto,61.0,15.9,10.0,13.2,11.8,3.7,9.8,3.8,3.8,0.0,36.4,81.7
15647,1982-11-04,Toronto,55.0,11.4,7.5,9.7,10.3,4.4,8.0,14.1,14.1,0.0,13.0,22.0
15655,1982-11-12,Toronto,61.0,15.4,10.9,12.6,10.0,6.5,8.1,9.6,9.6,0.0,38.1,100.1
15737,1983-02-02,Toronto,61.0,4.3,-2.4,1.1,0.4,-7.4,-4.0,13.3,13.3,0.0,23.8,78.8
15826,1983-05-02,Toronto,63.0,19.0,7.5,11.9,16.3,3.4,8.6,22.9,22.9,0.0,32.1,74.9
15831,1983-05-07,Toronto,53.0,19.4,6.4,12.1,15.5,2.5,8.6,2.2,2.2,0.0,29.1,70.6
15832,1983-05-08,Toronto,71.0,14.9,2.8,8.7,11.5,-3.3,3.9,18.1,17.9,0.14,29.1,69.5
16019,1983-11-11,Toronto,73.0,10.6,0.4,6.0,8.7,-6.2,1.8,18.5,12.4,4.27,28.3,55.1
16062,1983-12-24,Toronto,71.0,-11.6,-16.2,-13.2,-18.1,-22.7,-20.1,0.0,0.0,0.28,30.3,60.1
16064,1983-12-26,Toronto,71.0,-11.7,-17.7,-14.6,-17.9,-24.9,-22.0,0.0,0.0,0.07,29.8,57.2
16066,1983-12-28,Toronto,75.0,-1.8,-7.3,-4.7,-4.9,-12.8,-9.1,14.9,0.0,10.5,16.6,29.9
16094,1984-01-25,Toronto,51.0,0.7,-1.5,-0.1,-4.2,-7.4,-6.0,0.1,0.1,0.0,30.0,61.9
16128,1984-02-28,Toronto,75.0,-4.2,-6.7,-5.6,-9.7,-14.1,-12.4,23.0,0.0,16.1,30.0,58.3
16129,1984-02-29,Toronto,73.0,-6.0,-13.0,-10.3,-13.5,-21.3,-18.0,6.2,0.0,4.55,32.9,64.4
16140,1984-03-11,Toronto,73.0,-6.6,-14.7,-9.7,-13.4,-21.6,-17.0,0.5,0.0,0.35,35.2,67.3
16145,1984-03-16,Toronto,61.0,3.5,-2.1,1.4,0.8,-9.2,-3.3,14.6,14.6,0.0,35.6,64.8
16238,1984-06-17,Toronto,65.0,17.1,12.4,14.7,17.6,11.5,14.3,36.3,36.3,0.0,18.1,33.8
16364,1984-10-21,Toronto,61.0,19.3,10.6,13.9,16.8,6.9,11.4,11.5,11.5,0.0,28.9,78.5
16375,1984-11-01,Toronto,63.0,18.6,7.2,12.4,14.3,2.3,8.5,9.2,9.2,0.0,37.4,82.4
16376,1984-11-02,Toronto,63.0,15.5,2.1,6.3,12.6,-5.6,0.4,8.9,8.9,0.0,36.3,84.2
16414,1984-12-10,Toronto,61.0,5.4,2.4,3.5,3.3,-0.9,0.7,2.3,2.3,0.0,9.7,15.8
16436,1985-01-01,Toronto,75.0,11.1,-3.4,1.3,5.8,-10.6,-4.2,24.9,17.0,5.53,36.8,69.5
16498,1985-03-04,Toronto,75.0,-3.4,-11.9,-8.5,-10.6,-20.7,-16.4,32.8,4.1,20.16,36.8,65.9
16507,1985-03-13,Toronto,51.0,6.4,-2.4,1.7,2.7,-7.9,-3.7,0.4,0.4,0.0,36.0,73.1
16525,1985-03-31,Toronto,75.0,1.8,-2.1,-0.7,-1.9,-9.8,-7.5,13.5,9.1,3.08,40.7,78.1
16526,1985-04-01,Toronto,71.0,4.8,0.7,2.9,1.9,-6.5,-3.0,7.9,7.7,0.14,36.5,83.9
16531,1985-04-06,Toronto,51.0,10.2,3.0,5.9,6.8,-5.2,-0.5,2.2,2.2,0.0,48.8,114.5
16743,1985-11-04,Toronto,63.0,10.1,8.7,9.1,6.5,4.8,5.4,38.7,38.7,0.0,23.4,64.4
16771,1985-12-02,Toronto,71.0,9.7,-4.7,1.8,5.3,-13.7,-5.7,10.2,9.6,0.98,41.8,85.7
16820,1986-01-20,Toronto,53.0,3.7,-1.5,1.4,-0.6,-8.7,-4.5,5.4,5.4,0.0,31.4,60.8
16828,1986-01-28,Toronto,73.0,-14.7,-19.1,-17.7,-22.1,-26.4,-24.6,2.5,0.0,2.03,24.2,47.9
16838,1986-02-07,Toronto,73.0,-8.4,-12.8,-11.2,-16.1,-20.6,-19.0,7.5,0.0,5.25,35.2,64.4
16850,1986-02-19,Toronto,51.0,2.7,0.2,1.0,-0.2,-2.5,-1.6,0.1,0.1,0.0,8.2,14.4
16868,1986-03-09,Toronto,73.0,-2.9,-10.4,-7.1,-7.3,-15.7,-11.5,7.7,0.4,5.25,14.8,27.4
16870,1986-03-11,Toronto,71.0,8.1,-2.5,3.6,4.6,-10.0,-1.6,3.1,3.1,0.07,32.5,65.9
16872,1986-03-13,Toronto,63.0,1.2,-1.8,-0.4,-2.7,-8.1,-5.9,17.0,17.0,0.0,26.3,50.4
16878,1986-03-19,Toronto,61.0,12.7,0.7,6.3,6.6,-5.0,1.0,9.4,9.4,0.0,40.1,83.5
17039,1986-08-27,Toronto,63.0,21.9,13.7,18.1,23.1,9.3,16.0,25.0,25.0,0.0,30.0,91.8
17054,1986-09-11,Toronto,63.0,20.2,19.1,19.6,20.6,18.1,19.0,30.4,30.4,0.0,31.5,72.4
17055,1986-09-12,Toronto,63.0,20.6,16.6,18.9,20.3,13.2,17.4,18.3,18.3,0.0,30.3,83.5
17204,1987-02-08,Toronto,73.0,2.8,-6.1,-0.4,-0.5,-14.4,-5.3,5.4,2.7,1.89,37.1,76.0
17205,1987-02-09,Toronto,73.0,-5.5,-16.4,-11.5,-10.2,-24.0,-18.7,1.2,0.0,0.91,37.1,75.2
17394,1987-08-17,Toronto,55.0,30.1,24.2,26.3,32.0,26.0,28.2,2.4,2.4,0.0,22.9,58.7
17430,1987-09-22,Toronto,53.0,17.2,13.6,15.3,17.6,13.2,15.5,2.9,2.9,0.0,8.8,19.8
17481,1987-11-12,Toronto,71.0,7.5,-0.9,2.5,4.1,-4.6,-1.6,0.0,0.0,0.14,19.0,38.2
17576,1988-02-15,Toronto,53.0,3.8,-4.9,1.1,-2.2,-9.7,-4.3,4.1,4.1,0.0,29.5,68.0
17664,1988-05-13,Toronto,53.0,17.2,9.2,14.1,12.5,4.0,9.6,2.1,2.1,0.0,30.6,74.9
17704,1988-06-22,Toronto,63.0,28.3,17.9,23.1,28.7,17.4,23.3,22.0,22.0,0.0,27.6,74.2
17729,1988-07-17,Toronto,65.0,28.5,21.8,24.1,31.3,23.6,27.0,38.9,38.9,0.0,21.2,37.1
17757,1988-08-14,Toronto,63.0,30.3,25.5,27.9,32.1,29.4,30.6,4.7,4.7,0.0,27.4,72.0
17760,1988-08-17,Toronto,63.0,32.3,22.3,26.3,35.2,24.7,28.8,2.8,2.8,0.0,23.7,64.1
17806,1988-10-02,Toronto,63.0,22.3,14.5,17.4,21.3,12.2,16.2,29.1,29.1,0.0,27.2,65.5
17822,1988-10-18,Toronto,63.0,15.3,9.2,12.9,12.7,5.1,9.1,18.6,18.6,0.0,38.8,94.7
17840,1988-11-05,Toronto,63.0,13.4,10.7,11.8,9.9,7.3,8.6,23.0,23.0,0.0,39.8,85.3
17845,1988-11-10,Toronto,63.0,12.5,5.9,7.9,7.1,1.2,3.0,14.1,14.1,0.0,40.0,91.8
17852,1988-11-17,Toronto,53.0,13.1,2.8,5.5,8.7,-4.2,-1.1,0.6,0.6,0.0,35.1,74.5
17904,1989-01-08,Toronto,55.0,8.0,-3.4,2.8,2.9,-11.7,-3.8,3.7,3.7,0.0,38.7,96.1
17935,1989-02-08,Toronto,71.0,-3.1,-9.7,-7.3,-11.8,-16.4,-14.5,0.0,0.0,0.14,37.7,74.9
17959,1989-03-04,Toronto,53.0,0.2,-8.8,-5.8,-2.9,-15.7,-11.6,4.6,4.6,0.0,23.9,45.0
17970,1989-03-15,Toronto,53.0,8.3,1.6,5.9,4.2,-4.0,0.4,2.8,2.8,0.0,37.3,83.2
17984,1989-03-29,Toronto,55.0,13.5,2.4,7.2,9.8,-2.2,3.5,1.5,1.5,0.0,35.6,82.4
17989,1989-04-03,Toronto,55.0,6.4,2.9,4.6,4.2,-0.8,1.4,9.3,9.3,0.0,14.2,26.3
18070,1989-06-23,Toronto,53.0,24.1,16.2,19.5,27.5,17.3,22.1,2.0,2.0,0.0,7.2,18.7
18087,1989-07-10,Toronto,53.0,30.0,21.9,25.1,30.6,22.7,26.0,1.4,1.4,0.0,33.1,69.1
18112,1989-08-04,Toronto,63.0,28.1,23.2,25.4,30.5,25.6,27.3,23.3,23.3,0.0,21.2,47.5
18162,1989-09-23,Toronto,63.0,20.7,9.0,13.7,23.4,3.3,9.2,22.1,22.1,0.0,35.9,68.4
18206,1989-11-06,Toronto,55.0,11.9,8.6,10.8,7.9,4.6,6.1,2.1,2.1,0.0,32.5,81.4
18221,1989-11-21,Toronto,51.0,2.5,-5.3,-3.1,-5.0,-13.1,-10.7,0.1,0.1,0.0,35.6,69.1
18287,1990-01-26,Toronto,61.0,6.8,-1.3,0.2,1.7,-8.9,-6.9,1.4,1.4,0.0,42.9,79.2
18305,1990-02-13,Toronto,71.0,10.1,-1.4,3.7,5.7,-6.5,-1.6,0.9,0.8,0.14,26.3,45.7
18307,1990-02-15,Toronto,75.0,-3.2,-7.0,-5.2,-8.3,-13.8,-11.5,23.5,11.6,8.33,26.8,51.5
18308,1990-02-16,Toronto,61.0,1.5,-4.2,-2.7,-3.1,-10.1,-7.3,11.2,11.2,0.0,21.1,58.0
18314,1990-02-22,Toronto,63.0,2.4,-0.3,1.3,-0.3,-5.2,-2.9,20.8,20.8,0.0,16.8,29.2
18329,1990-03-09,Toronto,53.0,0.4,-5.2,-3.1,-2.9,-9.6,-7.1,2.4,2.4,0.0,10.0,20.9
18486,1990-08-13,Toronto,63.0,21.3,18.4,19.6,24.2,19.1,21.1,41.8,41.8,0.0,15.3,31.0
18501,1990-08-28,Toronto,65.0,28.6,19.8,22.7,32.2,20.8,24.5,29.6,29.6,0.0,24.4,39.6
18538,1990-10-04,Toronto,63.0,19.4,13.4,17.2,16.2,11.2,14.3,19.8,19.8,0.0,36.1,81.0
18590,1990-11-25,Toronto,71.0,6.8,1.1,4.1,2.1,-3.2,-1.1,1.7,1.3,0.28,36.4,74.2
18598,1990-12-03,Toronto,75.0,2.9,-0.5,0.5,-3.1,-8.2,-6.0,28.1,5.0,16.24,43.0,82.8
18599,1990-12-04,Toronto,71.0,5.5,-0.8,2.6,3.1,-8.1,-2.5,14.6,14.2,0.49,33.1,86.0
18625,1990-12-30,Toronto,71.0,8.8,-0.4,3.7,6.4,-5.7,0.3,19.9,19.6,0.28,17.9,32.4
18632,1991-01-06,Toronto,73.0,-1.1,-7.5,-3.8,-4.1,-11.6,-7.4,1.9,0.0,1.54,7.9,15.8
18637,1991-01-11,Toronto,75.0,-3.0,-10.2,-6.8,-10.6,-16.2,-14.0,10.0,0.0,7.14,34.0,67.3
18686,1991-03-01,Toronto,71.0,10.1,-2.5,2.0,6.3,-7.1,-1.8,0.8,0.2,0.42,16.6,33.1
18713,1991-03-28,Toronto,61.0,14.7,4.8,9.3,10.0,-3.2,2.8,4.0,4.0,0.0,40.2,87.5
18732,1991-04-16,Toronto,51.0,11.7,6.9,8.8,6.8,0.9,3.4,0.1,0.1,0.0,37.7,72.0
18885,1991-09-16,Toronto,51.0,29.4,21.6,24.7,29.6,24.2,26.7,0.3,0.3,0.0,29.3,66.6
18911,1991-10-12,Toronto,55.0,9.9,6.8,8.6,8.5,4.9,6.9,4.1,4.1,0.0,7.7,20.5
18960,1991-11-30,Toronto,53.0,15.2,3.8,9.1,9.6,-0.7,4.4,1.3,1.3,0.0,41.8,76.7
19005,1992-01-14,Toronto,75.0,3.0,-10.8,-1.4,0.2,-20.5,-7.4,25.4,16.3,6.37,45.0,83.9
19006,1992-01-15,Toronto,3.0,-10.9,-16.0,-13.2,-17.9,-21.0,-19.2,0.0,0.0,0.0,37.1,74.5
19062,1992-03-11,Toronto,73.0,-4.4,-13.3,-11.1,-11.2,-21.8,-18.9,5.2,0.0,3.71,32.8,64.4
19063,1992-03-12,Toronto,73.0,-9.3,-13.5,-11.6,-17.5,-21.6,-19.7,1.9,0.0,2.03,34.4,62.6
19299,1992-11-03,Toronto,63.0,12.4,7.8,10.2,8.3,2.7,6.5,15.1,15.1,0.0,29.3,84.6
19309,1992-11-13,Toronto,63.0,13.6,2.5,5.8,8.2,-5.3,-1.3,15.9,15.9,0.0,45.0,101.9
19337,1992-12-11,Toronto,75.0,1.0,-0.4,0.6,-4.5,-6.2,-5.3,33.2,2.2,21.7,29.3,55.1
19351,1992-12-25,Toronto,71.0,-0.0,-7.5,-3.5,-8.4,-13.7,-10.8,0.1,0.0,0.28,42.3,78.1
19356,1992-12-30,Toronto,55.0,3.5,1.9,2.7,1.5,-0.5,0.2,5.1,5.1,0.0,8.8,13.0
19409,1993-02-21,Toronto,75.0,-6.2,-11.2,-8.9,-10.7,-18.7,-15.4,6.8,0.0,4.9,37.9,73.4
19429,1993-03-13,Toronto,73.0,-7.0,-15.1,-11.2,-14.5,-19.8,-16.8,3.4,0.0,2.52,31.8,58.0
19430,1993-03-14,Toronto,75.0,-9.3,-17.4,-13.7,-17.4,-26.2,-22.1,4.8,0.0,3.43,38.2,76.0
19432,1993-03-16,Toronto,73.0,1.8,-7.2,-1.6,-5.0,-12.4,-7.9,4.5,2.8,1.47,40.7,72.7
19439,1993-03-23,Toronto,53.0,0.4,-8.7,-3.3,-4.6,-13.3,-8.3,2.5,2.5,0.0,21.6,42.8
19468,1993-04-21,Toronto,71.0,12.5,1.4,5.1,11.7,-4.0,0.7,1.0,0.3,0.49,22.2,41.8
19557,1993-07-19,Toronto,63.0,23.5,17.4,20.4,25.0,18.0,21.4,29.9,29.9,0.0,12.9,24.8
19631,1993-10-01,Toronto,61.0,15.8,7.8,10.7,11.6,3.6,6.1,5.3,5.3,0.0,32.1,81.0
19651,1993-10-21,Toronto,63.0,16.2,9.3,12.8,13.8,2.2,8.4,14.2,14.2,0.0,37.7,90.7
19681,1993-11-20,Toronto,73.0,6.9,-0.8,1.7,2.1,-7.8,-5.2,0.5,0.1,0.28,34.5,81.7
19728,1994-01-06,Toronto,73.0,-11.5,-16.2,-14.3,-19.0,-21.3,-20.4,4.0,0.0,2.87,26.5,51.1
19729,1994-01-07,Toronto,73.0,-11.9,-15.6,-14.0,-18.3,-22.5,-20.9,4.3,0.0,3.15,25.2,45.4
19761,1994-02-08,Toronto,71.0,-16.0,-20.1,-18.4,-22.4,-26.2,-24.7,0.4,0.0,0.49,22.0,40.3
19762,1994-02-09,Toronto,73.0,-13.5,-18.3,-16.5,-19.3,-24.6,-22.8,5.2,0.0,3.78,21.9,36.7
19776,1994-02-23,Toronto,75.0,-5.8,-11.0,-8.7,-11.5,-19.4,-16.2,11.9,0.0,8.33,39.2,71.6
19777,1994-02-24,Toronto,73.0,-1.1,-7.6,-3.8,-5.3,-14.9,-9.9,4.2,0.3,3.01,36.0,74.9
19815,1994-04-03,Toronto,73.0,10.5,0.1,4.2,5.3,-4.6,-0.2,7.1,4.4,2.03,24.9,62.3
19902,1994-06-29,Toronto,63.0,21.7,17.4,19.0,22.6,18.0,19.7,37.5,37.5,0.0,17.4,41.8
19938,1994-08-04,Toronto,63.0,24.7,21.3,22.1,25.4,20.3,23.4,18.7,18.7,0.0,37.1,69.5
19962,1994-08-28,Toronto,61.0,25.5,20.7,22.7,25.4,18.5,23.0,4.2,4.2,0.0,27.6,70.2
19996,1994-10-01,Toronto,55.0,13.4,11.7,12.5,12.8,10.3,11.6,9.6,9.6,0.0,10.9,23.0
20047,1994-11-21,Toronto,63.0,11.7,7.5,9.5,6.5,2.7,4.5,11.8,11.8,0.0,41.7,92.5
20054,1994-11-28,Toronto,75.0,9.8,0.9,5.1,5.5,-6.2,-1.0,19.4,8.0,7.98,36.3,81.0
20107,1995-01-20,Toronto,63.0,5.0,3.3,4.2,0.9,-0.6,0.0,23.8,23.8,0.0,27.3,48.6
20133,1995-02-15,Toronto,71.0,3.3,-14.3,-6.4,-2.1,-19.5,-11.9,3.6,3.0,0.42,31.2,79.6
20154,1995-03-08,Toronto,75.0,10.2,-8.3,-2.1,7.5,-15.2,-7.5,21.4,14.2,5.18,23.2,79.6
20180,1995-04-03,Toronto,73.0,10.1,-1.1,2.9,4.8,-4.9,-1.6,2.7,1.7,0.77,28.5,58.3
20366,1995-10-06,Toronto,65.0,16.2,11.3,13.0,16.1,7.3,10.1,59.0,59.0,0.0,41.3,94.7
20375,1995-10-15,Toronto,51.0,13.1,8.2,10.1,9.7,2.3,4.3,0.2,0.2,0.0,37.8,77.0
20380,1995-10-20,Toronto,61.0,18.7,11.9,15.2,14.8,9.6,12.4,1.9,1.9,0.0,32.3,73.4
20381,1995-10-21,Toronto,63.0,15.9,7.8,9.7,12.9,5.4,6.9,29.8,29.8,0.0,29.6,84.6
20402,1995-11-11,Toronto,63.0,11.7,8.3,9.5,7.2,3.1,5.0,28.6,28.6,0.0,32.2,74.2
20403,1995-11-12,Toronto,71.0,8.5,-0.3,1.1,3.4,-7.4,-5.8,0.9,0.7,0.49,35.6,69.5
20427,1995-12-06,Toronto,53.0,5.1,-3.1,-0.9,-0.3,-11.0,-8.6,1.0,1.0,0.0,40.2,75.6
20455,1996-01-03,Toronto,73.0,-11.9,-14.6,-13.4,-17.9,-21.6,-20.0,3.4,0.0,2.38,22.7,41.8
20471,1996-01-19,Toronto,75.0,9.9,-8.9,3.4,4.8,-17.3,-2.5,28.0,24.1,2.73,35.7,91.8
20479,1996-01-27,Toronto,75.0,5.7,-4.8,0.3,-1.1,-14.6,-7.0,21.7,15.6,4.27,44.1,90.4
20510,1996-02-27,Toronto,55.0,-0.3,-4.0,-2.4,-4.1,-9.4,-7.2,2.5,2.5,0.0,18.4,38.2
20515,1996-03-03,Toronto,73.0,-1.0,-10.2,-5.9,-6.0,-18.2,-12.8,1.8,0.1,1.19,38.7,73.8
20612,1996-06-08,Toronto,55.0,15.8,12.7,13.8,16.2,11.7,13.3,7.3,7.3,0.0,15.6,23.8
20709,1996-09-13,Toronto,63.0,18.8,14.2,15.7,18.1,12.6,15.1,12.7,12.7,0.0,11.5,19.8
20724,1996-09-28,Toronto,63.0,18.9,12.3,15.6,17.1,10.1,13.6,27.6,27.6,0.0,33.7,81.0
20745,1996-10-19,Toronto,63.0,10.0,6.8,8.2,6.5,2.4,4.4,34.2,34.2,0.0,26.3,49.3
20765,1996-11-08,Toronto,63.0,15.5,4.9,7.6,13.8,1.7,4.3,42.7,42.7,0.0,26.8,63.0
20835,1997-01-17,Toronto,3.0,-12.6,-18.5,-15.5,-20.4,-25.7,-23.3,0.0,0.0,0.0,33.4,63.4
20870,1997-02-21,Toronto,63.0,11.1,-1.4,6.3,7.5,-5.9,2.5,30.9,30.9,0.0,29.5,78.1
20871,1997-02-22,Toronto,73.0,11.1,-6.4,0.0,9.9,-14.7,-5.2,19.8,18.8,0.7,33.4,73.4
20876,1997-02-27,Toronto,73.0,6.7,-0.0,1.5,0.8,-4.7,-3.0,26.9,23.0,2.73,41.4,76.3
20915,1997-04-07,Toronto,51.0,15.1,1.7,5.0,10.3,-6.0,-1.7,0.5,0.5,0.0,34.0,76.3
20939,1997-05-01,Toronto,53.0,14.2,5.8,9.6,12.2,-1.2,4.8,3.7,3.7,0.0,36.9,72.0
20943,1997-05-05,Toronto,61.0,13.2,2.9,7.7,8.1,-1.4,2.9,2.3,2.3,0.0,33.5,76.3
20987,1997-06-18,Toronto,61.0,18.3,14.1,16.1,20.3,13.8,16.5,5.4,5.4,0.0,11.1,23.4
20994,1997-06-25,Toronto,51.0,28.3,17.8,23.2,29.9,19.4,24.4,0.2,0.2,0.0,24.6,71.6
21252,1998-03-10,Toronto,73.0,6.5,-8.1,-4.3,2.5,-16.4,-11.8,1.2,0.0,0.98,37.1,70.2
21270,1998-03-28,Toronto,61.0,18.3,10.4,14.1,14.7,8.1,11.3,1.8,1.8,0.0,28.8,79.2
21334,1998-05-31,Toronto,63.0,22.7,15.5,18.9,21.0,13.9,17.2,6.9,6.9,0.0,38.0,84.2
21337,1998-06-03,Toronto,51.0,15.6,8.7,11.2,11.1,3.5,6.5,0.4,0.4,0.0,34.1,67.7
21498,1998-11-11,Toronto,63.0,12.1,6.2,8.1,7.5,-2.4,1.1,8.3,8.3,0.0,42.7,90.0
21551,1999-01-03,Toronto,75.0,1.1,-6.2,-3.0,-4.1,-14.5,-10.3,32.3,0.7,22.12,37.9,69.5
21570,1999-01-22,Toronto,61.0,3.1,-1.8,-0.3,-1.3,-7.9,-5.9,10.7,10.7,0.0,32.4,57.6
21591,1999-02-12,Toronto,73.0,10.7,-0.6,5.1,6.1,-6.4,0.3,8.2,4.4,2.73,30.0,73.4
21611,1999-03-04,Toronto,73.0,-0.9,-8.5,-5.0,-7.1,-17.8,-13.2,0.9,0.0,0.91,42.3,81.4
21660,1999-04-22,Toronto,55.0,9.8,5.1,6.6,7.4,2.1,3.7,9.4,9.4,0.0,13.0,21.2
21731,1999-07-02,Toronto,51.0,25.9,18.0,21.8,25.7,18.4,21.9,0.3,0.3,0.0,25.3,67.7
21821,1999-09-30,Toronto,65.0,19.2,10.0,13.5,19.5,5.5,9.5,37.5,37.5,0.0,29.0,76.3
21855,1999-11-03,Toronto,73.0,4.2,1.6,2.7,-2.9,-4.7,-3.9,33.5,28.3,3.71,40.1,79.2
22010,2000-04-06,Toronto,71.0,9.6,0.3,4.9,3.8,-3.3,0.0,1.4,1.3,0.14,38.2,70.6
22052,2000-05-18,Toronto,61.0,17.0,9.9,13.5,16.4,8.1,11.4,14.5,14.5,0.0,27.3,77.4
22090,2000-06-25,Toronto,63.0,26.1,18.0,21.6,29.0,18.5,22.7,35.8,35.8,0.0,32.1,76.7
22191,2000-10-04,Toronto,63.0,17.1,12.6,14.7,15.4,11.4,13.2,10.2,10.2,0.0,10.5,20.9
22211,2000-10-24,Toronto,53.0,16.7,10.6,13.2,17.4,9.2,12.6,1.5,1.5,0.0,7.6,16.9
22260,2000-12-12,Toronto,75.0,0.4,-9.4,-6.0,-5.2,-18.3,-13.1,24.4,0.2,17.01,38.3,85.0
22319,2001-02-09,Toronto,61.0,7.6,-1.4,2.6,1.6,-6.5,-2.3,14.0,14.0,0.0,34.4,84.2
22320,2001-02-10,Toronto,61.0,7.5,-10.6,-3.9,1.9,-19.0,-11.3,7.3,7.3,0.0,38.1,85.3
22335,2001-02-25,Toronto,75.0,10.3,-6.2,1.9,4.2,-13.0,-4.0,16.5,12.6,2.73,38.5,77.8
22336,2001-02-26,Toronto,71.0,4.3,-4.4,-0.5,-2.9,-11.7,-7.0,0.0,0.0,0.07,33.7,68.0
22557,2001-10-05,Toronto,61.0,15.6,10.5,11.9,13.9,7.8,10.9,21.4,21.4,0.0,15.9,26.6
22569,2001-10-17,Toronto,51.0,8.5,4.5,6.2,6.5,-2.4,0.9,3.4,3.4,0.0,36.3,72.7
22619,2001-12-06,Toronto,53.0,14.8,7.2,11.7,9.4,2.8,6.4,1.1,1.1,0.0,32.3,70.2
22657,2002-01-13,Toronto,51.0,3.1,-1.7,0.3,-2.1,-8.5,-6.1,0.9,0.9,0.0,36.4,69.1
22676,2002-02-01,Toronto,61.0,5.9,-5.5,-1.6,-0.9,-11.7,-7.3,6.9,6.9,0.0,39.9,77.4
22713,2002-03-10,Toronto,71.0,11.2,-5.2,-2.0,4.7,-14.6,-11.0,5.1,5.1,0.07,45.7,92.5
22774,2002-05-10,Toronto,2.0,15.7,8.4,11.1,11.5,2.8,5.1,0.0,0.0,0.0,40.7,79.6
22778,2002-05-14,Toronto,53.0,8.7,3.6,6.1,4.2,-2.5,0.9,13.4,13.4,0.0,34.3,82.8
22870,2002-08-14,Toronto,63.0,29.5,24.8,26.8,30.9,26.1,28.3,3.0,3.0,0.0,24.7,67.3
22898,2002-09-11,Toronto,3.0,27.1,14.7,19.0,27.1,9.7,15.0,0.0,0.0,0.0,34.9,65.2
22922,2002-10-05,Toronto,63.0,22.9,13.9,16.9,20.7,9.3,13.3,7.3,7.3,0.0,36.6,69.5
22939,2002-10-22,Toronto,51.0,8.2,6.3,7.0,6.2,3.3,4.3,4.9,4.9,0.0,10.5,19.1
23045,2003-02-05,Toronto,3.0,-6.5,-13.0,-10.1,-14.3,-20.6,-17.7,0.0,0.0,0.0,36.5,73.4
23052,2003-02-12,Toronto,73.0,-8.8,-16.3,-12.0,-12.9,-24.4,-19.1,1.5,0.0,1.12,37.9,76.0
23271,2003-09-19,Toronto,63.0,19.3,17.6,18.7,19.0,13.6,16.7,26.0,26.0,0.0,40.1,74.9
23274,2003-09-22,Toronto,63.0,19.9,16.3,17.8,19.3,15.4,16.8,20.1,20.1,0.0,35.2,79.2
23275,2003-09-23,Toronto,63.0,18.8,14.8,16.6,16.7,12.8,14.4,4.6,4.6,0.0,32.4,79.2
23277,2003-09-25,Toronto,61.0,18.6,13.5,16.0,15.9,10.4,13.0,5.0,5.0,0.0,26.3,81.0
23279,2003-09-27,Toronto,63.0,19.0,16.2,17.6,18.3,13.4,15.6,24.8,24.8,0.0,30.3,92.2
23297,2003-10-15,Toronto,63.0,14.6,9.1,11.3,14.7,2.5,6.1,19.2,19.2,0.0,41.9,80.3
23308,2003-10-26,Toronto,63.0,10.7,8.3,9.6,9.2,6.8,8.2,14.8,14.8,0.0,8.6,18.4
23326,2003-11-13,Toronto,73.0,10.7,0.1,4.9,7.6,-7.2,-2.0,13.7,11.0,1.89,45.1,95.4
23337,2003-11-24,Toronto,71.0,12.4,1.4,9.9,9.8,-5.2,5.8,4.5,4.2,0.21,29.9,54.0
23340,2003-11-27,Toronto,61.0,5.4,0.4,3.7,2.7,-3.0,0.5,9.5,9.5,0.0,13.2,23.8
23342,2003-11-29,Toronto,73.0,3.2,-0.3,1.4,-2.8,-8.7,-5.6,7.8,1.9,4.13,43.5,80.6
23400,2004-01-26,Toronto,73.0,-11.6,-15.2,-13.1,-17.7,-22.1,-20.0,1.1,0.0,0.84,30.5,56.5
23464,2004-03-30,Toronto,61.0,7.6,4.4,6.0,5.3,1.9,3.6,16.6,16.6,0.0,14.7,27.4
23484,2004-04-19,Toronto,3.0,19.7,5.3,14.7,15.1,2.6,10.3,0.0,0.0,0.0,37.8,72.7
23587,2004-07-31,Toronto,65.0,25.2,20.5,22.1,27.8,23.3,24.7,55.3,55.3,0.0,18.8,55.8
23627,2004-09-09,Toronto,63.0,19.6,15.1,16.7,17.5,12.0,13.7,42.4,42.4,0.0,34.2,67.0
23762,2005-01-22,Toronto,73.0,-10.9,-18.2,-14.1,-18.3,-24.1,-20.8,7.4,0.0,5.39,30.9,61.9
23763,2005-01-23,Toronto,71.0,-14.2,-20.9,-17.5,-20.3,-28.5,-25.1,0.7,0.0,0.7,30.3,64.8
23778,2005-02-07,Toronto,51.0,2.5,-0.5,1.1,-0.2,-4.1,-2.3,1.3,1.3,0.0,10.5,15.5
23833,2005-04-03,Toronto,75.0,1.7,0.6,1.1,-5.0,-7.2,-6.2,38.4,5.8,22.82,39.0,72.7
23947,2005-07-26,Toronto,61.0,30.3,18.5,24.1,32.9,18.5,25.2,3.9,3.9,0.0,23.0,73.1
24012,2005-09-29,Toronto,63.0,19.4,10.9,15.1,18.3,5.3,11.1,12.6,12.6,0.0,37.5,85.3
24060,2005-11-16,Toronto,61.0,15.1,5.0,9.9,10.8,-1.1,4.9,13.0,13.0,0.0,38.5,88.2
24107,2006-01-02,Toronto,51.0,1.9,0.0,1.3,-2.1,-4.1,-2.9,3.9,3.9,0.0,24.6,49.3
24119,2006-01-14,Toronto,71.0,7.7,-5.0,1.4,5.5,-13.0,-4.5,4.0,3.6,0.49,40.0,75.2
24122,2006-01-17,Toronto,61.0,2.6,-5.0,-2.2,-3.0,-10.6,-8.4,5.3,5.3,0.0,29.1,55.4
24176,2006-03-12,Toronto,61.0,12.6,0.4,4.6,11.5,-3.6,2.2,5.2,5.2,0.0,12.2,22.3
24178,2006-03-14,Toronto,71.0,11.0,-1.1,3.1,8.2,-9.6,-3.6,1.8,1.8,0.35,41.4,78.8
24199,2006-04-04,Toronto,71.0,7.5,-1.0,2.4,3.6,-6.6,-3.5,1.3,1.1,0.14,30.1,60.1
24241,2006-05-16,Toronto,63.0,12.7,8.3,10.4,12.2,7.4,9.3,13.8,13.8,0.0,9.2,23.0
24251,2006-05-26,Toronto,63.0,16.3,12.2,14.1,17.3,11.2,14.0,20.2,20.2,0.0,11.4,27.4
24319,2006-08-02,Toronto,51.0,31.7,25.6,28.5,35.6,29.1,31.8,0.3,0.3,0.0,23.6,56.5
24407,2006-10-29,Toronto,53.0,7.3,3.6,4.9,0.4,-3.7,-2.1,3.1,3.1,0.0,40.8,88.9
24417,2006-11-08,Toronto,63.0,10.2,7.9,8.9,9.2,5.6,7.5,8.8,8.8,0.0,10.6,20.2
24440,2006-12-01,Toronto,71.0,4.5,1.7,3.1,0.5,-4.3,-1.7,30.5,30.3,0.14,32.6,67.0
24515,2007-02-14,Toronto,73.0,-10.1,-14.4,-13.1,-17.5,-21.8,-20.3,10.4,0.0,7.28,25.4,49.3
24528,2007-02-27,Toronto,71.0,-0.6,-8.8,-3.8,-3.7,-13.0,-7.5,0.6,0.0,0.63,8.2,13.0
24625,2007-06-04,Toronto,63.0,17.7,12.7,15.0,18.4,13.0,15.3,13.3,13.3,0.0,12.2,23.8
24720,2007-09-07,Toronto,2.0,28.9,22.3,25.5,27.6,23.9,25.9,0.0,0.0,0.0,32.6,64.1
24804,2007-11-30,Toronto,71.0,2.8,-3.1,-1.2,-4.8,-9.2,-7.6,0.3,0.0,0.28,38.2,76.7
24844,2008-01-09,Toronto,63.0,12.0,3.4,7.4,8.8,-4.1,1.7,20.3,20.3,0.0,42.5,81.7
24862,2008-01-27,Toronto,71.0,-0.9,-7.8,-4.2,-4.4,-11.9,-7.9,0.5,0.0,0.63,6.4,13.7
24865,2008-01-30,Toronto,71.0,7.3,-7.7,-0.9,1.3,-16.2,-8.0,6.2,6.1,0.35,41.5,79.9
24904,2008-03-09,Toronto,75.0,-4.2,-12.1,-8.4,-10.0,-17.8,-14.8,9.0,0.0,6.37,32.8,65.2
24954,2008-04-28,Toronto,73.0,12.0,3.5,6.8,9.3,-0.9,2.7,14.6,14.2,0.28,23.4,43.9
25037,2008-07-20,Toronto,65.0,24.8,21.0,21.9,28.4,23.4,24.8,39.2,39.2,0.0,13.6,35.6
25094,2008-09-15,Toronto,63.0,23.2,13.9,16.7,25.4,11.5,14.6,11.8,11.8,0.0,38.2,82.8
25130,2008-10-21,Toronto,71.0,11.4,3.8,7.0,9.5,-2.7,2.3,4.3,4.1,0.14,32.9,73.4
25185,2008-12-15,Toronto,61.0,9.0,-2.7,5.5,3.9,-9.9,-0.2,5.1,5.1,0.0,33.0,82.4
25198,2008-12-28,Toronto,61.0,11.5,0.8,7.4,7.7,-8.4,1.5,3.9,3.9,0.0,45.4,87.5
25311,2009-04-20,Toronto,61.0,6.7,4.1,5.2,1.4,-2.7,-0.6,20.3,20.3,0.0,36.0,67.7
25335,2009-05-14,Toronto,61.0,18.8,12.4,14.8,14.5,8.0,10.7,8.6,8.6,0.0,36.9,90.0
25481,2009-10-07,Toronto,55.0,14.8,10.0,12.4,13.1,4.5,8.0,6.6,6.6,0.0,36.6,77.0
25534,2009-11-29,Toronto,61.0,7.1,1.4,4.3,4.8,-1.7,1.5,1.9,1.9,0.0,11.1,21.2
25544,2009-12-09,Toronto,75.0,6.4,0.8,2.4,1.9,-6.8,-3.8,28.4,9.9,12.95,37.6,82.4
25569,2010-01-03,Toronto,73.0,-10.3,-15.3,-13.0,-17.7,-22.6,-20.5,2.0,0.0,1.47,31.6,68.4
25594,2010-01-28,Toronto,71.0,-3.4,-10.6,-5.7,-9.7,-18.2,-12.8,0.3,0.0,0.35,34.5,75.2
25645,2010-03-20,Toronto,71.0,10.6,1.9,4.4,8.0,-2.8,0.2,0.0,0.0,0.07,17.6,31.3
25756,2010-07-09,Toronto,63.0,27.8,22.4,23.8,31.6,24.9,26.9,16.1,16.1,0.0,11.5,24.5
25760,2010-07-13,Toronto,63.0,26.0,20.8,23.2,29.9,23.6,26.5,3.9,3.9,0.0,9.0,18.4
25770,2010-07-23,Toronto,63.0,28.1,21.0,24.4,31.2,21.6,26.7,19.7,19.7,0.0,24.3,59.0
25788,2010-08-10,Toronto,51.0,28.6,20.5,23.9,32.7,23.5,27.5,1.2,1.2,0.0,7.3,18.4
25813,2010-09-04,Toronto,51.0,22.3,14.5,17.1,21.6,9.5,13.3,0.5,0.5,0.0,38.0,79.2
25816,2010-09-07,Toronto,51.0,26.7,17.9,21.5,24.8,17.6,20.4,1.0,1.0,0.0,28.8,68.4
25833,2010-09-24,Toronto,3.0,27.0,16.9,22.7,25.6,16.8,21.9,0.0,0.0,0.0,33.2,63.0
25837,2010-09-28,Toronto,65.0,17.1,13.9,15.0,15.9,12.5,14.1,42.0,42.0,0.0,17.0,49.7
25866,2010-10-27,Toronto,63.0,16.7,11.1,13.5,14.3,7.4,9.1,4.4,4.4,0.0,31.6,76.7
25901,2010-12-01,Toronto,73.0,9.8,0.8,5.1,7.3,-5.4,0.9,22.6,21.1,1.19,24.9,46.8
25914,2010-12-14,Toronto,71.0,-6.8,-12.0,-10.0,-13.5,-20.7,-18.0,0.2,0.0,1.4,36.5,69.5
25964,2011-02-02,Toronto,75.0,-8.0,-10.6,-9.6,-14.1,-18.8,-16.5,17.4,0.1,12.25,33.2,62.6
26006,2011-03-16,Toronto,71.0,8.1,0.2,2.9,5.0,-3.7,-0.3,4.2,4.1,0.07,12.4,27.4
26025,2011-04-04,Toronto,73.0,12.2,-0.1,5.0,9.2,-5.5,1.1,18.9,15.2,2.59,25.2,68.0
26037,2011-04-16,Toronto,63.0,5.5,2.3,3.8,1.4,-4.9,-2.3,23.8,23.8,0.0,31.0,79.2
26038,2011-04-17,Toronto,51.0,6.3,1.7,4.3,2.4,-4.5,-1.6,1.7,1.7,0.0,37.4,82.4
26219,2011-10-15,Toronto,53.0,13.7,9.0,10.5,9.7,2.7,5.2,3.2,3.2,0.0,38.1,79.9
26264,2011-11-29,Toronto,63.0,5.8,4.7,5.3,2.7,-0.9,1.3,31.9,31.9,0.0,29.0,53.3
26281,2011-12-16,Toronto,71.0,8.2,0.9,3.7,3.8,-5.6,-1.7,0.1,0.1,0.07,31.9,61.6
26315,2012-01-19,Toronto,73.0,-1.1,-4.7,-3.3,-7.9,-11.4,-9.9,1.9,0.0,1.33,37.7,72.4
26359,2012-03-03,Toronto,61.0,7.7,2.2,3.8,1.6,-6.7,-3.7,10.3,10.3,0.0,49.5,96.1
26364,2012-03-08,Toronto,53.0,11.2,2.4,9.4,7.5,-2.7,4.0,2.1,2.1,0.0,35.9,87.5
26449,2012-06-01,Toronto,63.0,17.1,12.3,14.2,14.5,7.7,10.5,29.6,29.6,0.0,35.4,65.5
26495,2012-07-17,Toronto,53.0,33.5,25.6,28.8,35.0,26.0,30.0,1.0,1.0,0.0,23.1,50.8
26501,2012-07-23,Toronto,51.0,32.1,23.0,27.2,32.3,25.4,28.9,0.3,0.3,0.0,28.3,58.0
26548,2012-09-08,Toronto,65.0,23.3,16.7,19.8,25.9,15.3,19.2,46.6,46.6,0.0,27.9,68.0
26600,2012-10-30,Toronto,63.0,12.5,4.9,9.6,9.3,-2.7,4.5,19.5,19.5,0.0,45.4,85.0
26638,2012-12-07,Toronto,51.0,4.6,1.7,2.7,2.2,-2.1,-0.4,1.0,1.0,0.0,8.4,15.8
26682,2013-01-20,Toronto,71.0,5.1,-6.3,-0.3,-1.1,-13.6,-7.8,1.8,1.8,0.07,40.2,78.1
26701,2013-02-08,Toronto,75.0,-2.0,-9.1,-5.2,-8.1,-16.6,-11.9,25.6,0.0,18.06,29.2,56.9
26720,2013-02-27,Toronto,75.0,1.4,-0.2,0.2,-3.3,-7.0,-5.4,32.4,0.3,22.47,31.7,57.6
26764,2013-04-12,Toronto,63.0,4.5,-0.3,1.2,0.7,-8.1,-4.7,20.7,20.7,0.0,37.2,72.7
26794,2013-05-12,Toronto,51.0,11.0,3.5,6.6,7.4,-2.0,1.2,1.0,1.0,0.0,34.8,78.1
26815,2013-06-02,Toronto,65.0,21.2,16.3,18.3,21.4,14.5,18.2,29.9,29.9,0.0,25.3,64.1
26841,2013-06-28,Toronto,61.0,20.7,17.7,18.6,24.4,18.7,20.7,23.4,23.4,0.0,13.5,24.5
26862,2013-07-19,Toronto,1.0,30.7,25.1,27.5,32.6,27.2,29.5,0.0,0.0,0.0,30.7,65.9
26984,2013-11-18,Toronto,63.0,13.5,3.6,8.4,9.2,-3.2,2.1,7.5,7.5,0.0,44.7,95.4
27029,2014-01-02,Toronto,73.0,-13.4,-18.8,-16.8,-19.3,-25.9,-23.5,2.5,0.0,2.24,22.5,42.8
27030,2014-01-03,Toronto,71.0,-14.6,-23.2,-19.4,-19.1,-29.6,-25.6,0.0,0.0,0.21,23.1,43.9
27034,2014-01-07,Toronto,71.0,-13.5,-21.2,-17.6,-21.3,-29.6,-26.1,0.3,0.0,0.42,38.7,65.9
27051,2014-01-24,Toronto,71.0,-10.1,-19.6,-15.6,-18.6,-24.8,-22.4,0.0,0.0,0.07,37.5,69.5
27067,2014-02-09,Toronto,73.0,-7.8,-15.8,-11.2,-11.8,-20.5,-15.7,1.4,0.0,1.12,11.2,20.9
27085,2014-02-27,Toronto,71.0,-11.0,-14.6,-12.1,-17.5,-22.0,-19.1,0.1,0.0,0.14,32.4,69.5
27125,2014-04-08,Toronto,73.0,11.5,1.5,4.9,6.9,-3.4,0.2,14.3,13.3,0.7,28.4,60.8
27127,2014-04-10,Toronto,51.0,15.4,1.7,7.1,9.8,-3.1,2.0,0.3,0.3,0.0,34.0,75.6
27132,2014-04-15,Toronto,75.0,9.7,-1.1,1.7,6.3,-8.0,-3.7,7.0,1.3,4.13,26.4,54.4
27221,2014-07-13,Toronto,61.0,26.3,20.1,22.4,26.7,20.2,22.8,9.8,9.8,0.0,25.6,70.9
27281,2014-09-11,Toronto,63.0,20.5,13.9,17.5,20.6,10.3,15.2,21.8,21.8,0.0,31.5,72.7
27349,2014-11-18,Toronto,71.0,-0.3,-7.6,-5.2,-6.3,-15.6,-13.1,0.0,0.0,0.07,42.7,80.3
27355,2014-11-24,Toronto,63.0,12.5,5.5,9.1,7.4,-0.4,4.3,20.3,20.3,0.0,40.7,87.1
27356,2014-11-25,Toronto,3.0,6.0,1.1,2.8,-1.8,-5.6,-4.3,0.0,0.0,0.0,39.4,77.8
27401,2015-01-09,Toronto,73.0,-6.5,-9.9,-8.6,-14.2,-17.7,-16.2,2.2,0.0,1.68,32.4,69.1
27425,2015-02-02,Toronto,75.0,-11.1,-15.7,-13.7,-18.0,-23.5,-21.1,13.4,0.0,9.38,31.1,55.4
27438,2015-02-15,Toronto,3.0,-13.9,-24.8,-20.8,-21.2,-32.9,-28.8,0.0,0.0,0.0,33.4,65.5
27492,2015-04-10,Toronto,63.0,11.9,5.7,8.8,8.8,0.4,4.2,29.5,29.5,0.0,38.0,74.2
27671,2015-10-06,Toronto,51.0,16.6,12.1,13.9,15.5,11.8,13.2,0.6,0.6,0.0,10.0,16.6
27693,2015-10-28,Toronto,63.0,13.4,8.1,10.0,11.8,3.6,5.8,47.4,47.4,0.0,32.1,76.3
27707,2015-11-11,Toronto,53.0,10.4,7.2,8.1,8.6,5.1,6.1,3.9,3.9,0.0,10.2,21.2
27755,2015-12-29,Toronto,75.0,5.8,-3.0,1.9,3.8,-11.2,-3.9,25.0,13.2,8.26,41.9,76.3
27768,2016-01-11,Toronto,71.0,-2.4,-7.6,-5.6,-11.0,-15.4,-13.6,0.0,0.0,0.28,37.4,70.6
27817,2016-02-29,Toronto,71.0,9.5,-2.3,4.3,3.9,-8.7,-2.0,3.3,3.1,0.14,35.1,68.0
27855,2016-04-07,Toronto,53.0,7.0,2.3,5.7,2.9,-1.6,1.0,8.3,8.3,0.0,26.4,67.7
27921,2016-06-12,Toronto,1.0,26.2,12.8,17.7,24.6,8.1,13.6,0.0,0.0,0.0,31.7,68.0
27983,2016-08-13,Toronto,63.0,29.4,22.9,25.4,31.7,26.4,28.7,19.6,19.6,0.0,27.8,63.0
27986,2016-08-16,Toronto,63.0,26.0,22.3,23.3,26.2,21.5,24.8,19.9,19.9,0.0,34.4,71.3
28011,2016-09-10,Toronto,61.0,27.0,20.7,22.7,26.5,20.7,23.6,6.6,6.6,0.0,33.2,66.2
28082,2016-11-20,Toronto,71.0,3.5,0.1,1.4,-1.4,-8.5,-5.5,0.0,0.0,0.42,43.3,84.6
28106,2016-12-14,Toronto,71.0,-2.4,-9.7,-6.5,-8.0,-16.7,-13.4,0.0,0.0,0.07,40.1,73.8
28107,2016-12-15,Toronto,73.0,-6.8,-11.9,-9.1,-14.3,-18.5,-16.6,1.4,0.0,1.26,37.1,77.4
28134,2017-01-11,Toronto,71.0,6.3,-0.3,3.3,0.7,-6.8,-3.1,6.7,6.6,0.07,43.9,103.0
28161,2017-02-07,Toronto,61.0,1.2,-3.6,-0.8,-3.5,-7.6,-6.0,6.8,6.8,0.0,26.8,51.8
28184,2017-03-02,Toronto,71.0,9.1,-7.0,-2.4,2.9,-15.7,-9.5,0.0,0.0,0.21,35.7,67.7
28190,2017-03-08,Toronto,53.0,8.9,1.7,5.4,5.6,-3.8,-0.7,1.2,1.2,0.0,43.7,82.8
28196,2017-03-14,Toronto,73.0,-6.8,-10.3,-8.2,-12.6,-17.4,-15.1,5.3,0.0,3.71,29.6,58.0
28197,2017-03-15,Toronto,71.0,-3.5,-10.5,-7.9,-12.0,-18.7,-16.1,1.6,0.0,1.47,37.7,72.4
28244,2017-05-01,Toronto,65.0,13.6,5.5,8.5,12.5,2.1,6.4,38.1,38.1,0.0,17.8,49.7
28370,2017-09-04,Toronto,61.0,24.5,15.4,19.1,22.5,14.2,17.6,2.9,2.9,0.0,30.7,65.2
28404,2017-10-08,Toronto,61.0,21.9,17.7,20.0,21.5,15.7,18.4,3.6,3.6,0.0,36.0,85.3
28410,2017-10-14,Toronto,55.0,17.4,13.9,15.3,18.3,13.8,15.8,5.0,5.0,0.0,7.9,18.7
28411,2017-10-15,Toronto,61.0,21.0,13.8,17.9,19.3,8.7,16.4,18.8,18.8,0.0,43.0,92.5
28420,2017-10-24,Toronto,63.0,17.3,12.2,14.5,15.4,7.5,10.9,20.9,20.9,0.0,32.4,84.2
28440,2017-11-13,Toronto,51.0,5.5,2.4,3.9,3.1,-0.1,1.3,1.2,1.2,0.0,7.4,13.3
28501,2018-01-13,Toronto,73.0,-8.4,-14.5,-11.9,-16.6,-22.3,-19.7,1.1,0.0,1.19,33.0,63.0
28510,2018-01-22,Toronto,63.0,1.5,0.8,1.1,-1.6,-5.0,-3.1,12.6,12.6,0.0,26.4,43.9
28529,2018-02-10,Toronto,73.0,-3.4,-7.8,-5.3,-6.9,-12.4,-9.6,5.9,0.0,4.41,11.8,21.6
28578,2018-03-31,Toronto,55.0,6.9,-3.1,2.0,0.9,-7.0,-3.1,2.4,2.4,0.0,29.3,76.7
28579,2018-04-01,Toronto,55.0,5.7,-2.4,1.2,0.5,-8.7,-4.9,1.7,1.7,0.0,32.4,83.9
28582,2018-04-04,Toronto,63.0,5.2,-0.9,2.2,0.2,-9.8,-4.1,10.8,10.8,0.0,46.6,89.3
28594,2018-04-16,Toronto,63.0,5.1,1.1,3.0,1.1,-5.7,-2.5,35.9,35.9,0.0,37.6,79.9
28607,2018-04-29,Toronto,71.0,9.5,1.0,4.1,4.6,-4.2,-1.2,0.1,0.0,0.28,25.5,51.1
28612,2018-05-04,Toronto,63.0,20.9,6.7,11.6,17.8,3.1,8.7,10.1,10.1,0.0,49.6,96.8
28613,2018-05-05,Toronto,53.0,20.0,7.5,12.3,18.0,2.4,9.4,1.4,1.4,0.0,37.7,77.8
28652,2018-06-13,Toronto,51.0,25.5,18.1,20.6,25.4,16.4,20.8,0.8,0.8,0.0,28.5,67.7
28717,2018-08-17,Toronto,63.0,25.7,21.3,23.1,29.0,23.7,25.9,29.4,29.4,0.0,15.3,28.4
28752,2018-09-21,Toronto,63.0,27.0,16.2,21.4,26.2,14.8,20.9,8.5,8.5,0.0,34.7,70.6
28793,2018-11-01,Toronto,61.0,9.0,4.9,6.9,6.7,2.5,4.7,11.1,11.1,0.0,12.4,24.1
28802,2018-11-10,Toronto,51.0,4.8,-2.0,1.1,2.0,-9.5,-5.6,0.3,0.3,0.0,41.7,75.2
28836,2018-12-14,Toronto,53.0,4.1,1.4,2.5,1.3,-2.0,-0.5,3.7,3.7,0.0,10.1,16.2
28873,2019-01-20,Toronto,73.0,-13.3,-18.7,-16.2,-20.1,-27.0,-24.0,6.3,0.0,4.41,32.7,61.2
28892,2019-02-08,Toronto,51.0,8.7,-6.3,-0.1,3.6,-14.6,-7.0,0.7,0.7,0.0,38.8,75.6
28909,2019-02-25,Toronto,71.0,0.8,-5.1,-3.3,-6.9,-13.9,-12.0,0.9,0.0,1.33,42.1,79.2
28958,2019-04-15,Toronto,71.0,8.0,1.3,3.6,1.3,-3.6,-1.5,22.5,22.2,0.21,30.9,65.5
28970,2019-04-27,Toronto,71.0,8.5,1.2,4.6,2.9,-6.2,-1.9,0.1,0.1,0.14,37.8,67.0
29158,2019-11-01,Toronto,71.0,12.7,2.8,5.8,10.6,-4.6,-0.7,3.4,3.3,0.07,40.1,76.7
29229,2020-01-11,Toronto,63.0,10.0,2.4,5.6,8.3,-2.4,2.1,46.3,46.3,0.0,27.7,77.0
29276,2020-02-27,Toronto,75.0,-0.9,-5.8,-3.7,-5.8,-13.7,-11.0,10.7,0.0,7.77,41.8,76.7
29319,2020-04-10,Toronto,71.0,6.0,0.5,2.9,-0.7,-7.2,-4.0,0.0,0.0,0.14,41.0,74.5
29330,2020-04-21,Toronto,53.0,5.5,1.8,3.8,0.2,-6.9,-2.5,1.4,1.4,0.0,40.7,69.8
29433,2020-08-02,Toronto,63.0,25.0,20.0,21.9,24.9,20.2,22.8,25.3,25.3,0.0,32.8,70.6
29538,2020-11-15,Toronto,63.0,11.6,3.7,6.8,5.7,-0.5,1.5,13.3,13.3,0.0,39.8,87.1
29631,2021-02-16,Toronto,75.0,-7.2,-9.0,-8.1,-13.6,-16.0,-14.9,18.0,0.0,12.81,28.6,50.4
29694,2021-04-20,Toronto,71.0,10.1,2.2,5.1,7.0,-3.0,0.5,1.8,1.6,0.14,22.0,45.7
29704,2021-04-30,Toronto,61.0,9.9,5.7,7.7,8.8,-1.5,2.6,4.8,4.8,0.0,42.3,81.4
29743,2021-06-08,Toronto,55.0,24.4,18.9,21.3,26.8,21.1,23.7,11.1,11.1,0.0,10.6,22.3
29761,2021-06-26,Toronto,63.0,25.2,19.4,21.0,26.2,18.5,21.3,30.4,30.4,0.0,26.3,63.7
29924,2021-12-06,Toronto,75.0,9.2,1.7,5.9,5.9,-6.1,0.5,14.0,11.0,2.1,35.6,85.3
29929,2021-12-11,Toronto,63.0,13.5,1.8,7.8,9.5,-3.3,3.3,21.4,21.4,0.0,44.3,89.3
29930,2021-12-12,Toronto,3.0,6.1,0.6,2.8,0.3,-4.9,-3.4,0.0,0.0,0.0,39.6,77.4
29934,2021-12-16,Toronto,55.0,13.9,7.8,11.2,8.2,4.1,6.0,1.5,1.5,0.0,41.3,77.8
29966,2022-01-17,Toronto,75.0,-1.8,-5.7,-4.0,-6.6,-12.9,-10.2,32.6,0.1,22.75,30.6,54.7
29999,2022-02-19,Toronto,73.0,-2.2,-9.3,-6.2,-9.0,-16.4,-13.9,2.5,0.0,1.75,36.7,65.5
30107,2022-06-07,Toronto,63.0,19.9,14.2,16.1,19.4,13.3,15.3,50.9,50.9,0.0,23.0,42.5
30217,2022-09-25,Toronto,63.0,17.9,13.7,15.2,18.1,12.9,14.7,20.6,20.6,0.0,11.7,23.0
30306,2022-12-23,Toronto,73.0,3.9,-9.8,-0.4,0.9,-19.4,-6.6,18.7,14.0,3.29,43.5,83.2
30307,2022-12-24,Toronto,73.0,-7.9,-12.4,-10.4,-17.0,-21.9,-19.9,1.4,0.0,0.98,44.5,81.4
30314,2022-12-31,Toronto,61.0,8.7,5.3,6.6,5.8,2.4,4.3,18.9,18.9,0.0,16.3,28.4
